"ORG_NAME","direct_cost_total","indirect_cost_total","indirect_15pct_cap_total","cost_differential"
"JOHNS HOPKINS UNIVERSITY",597790539,232407077,78995433,-153411644
"UNIVERSITY OF CALIFORNIA, SAN FRANCISCO",559999750,212550448,73320694.5,-139229753.5
"UNIVERSITY OF PENNSYLVANIA",448158973,203683344,64135087.15,-139548256.85
"UNIVERSITY OF MICHIGAN AT ANN ARBOR",504311566,201628842,71387225.1999999,-130241616.8
"YALE UNIVERSITY",438784319,201065567,59655484.5999999,-141410082.4
"WASHINGTON UNIVERSITY",516528893,187962096,70784201.2000001,-117177894.8
"UNIVERSITY OF PITTSBURGH AT PITTSBURGH",452943545,186448488,65153157.4,-121295330.6
"COLUMBIA UNIVERSITY HEALTH SCIENCES",438570663,179968215,60174196.6,-119794018.4
"STANFORD UNIVERSITY",406405077,171649265,57847824.15,-113801440.85
"MASSACHUSETTS GENERAL HOSPITAL",431966526,171304049,58783496.65,-112520552.35
"UNIVERSITY OF CALIFORNIA, SAN DIEGO",380483358,163436524,54910898.15,-108525625.85
"DUKE UNIVERSITY",370182741,159396127,53494857.3,-105901269.7
"UNIVERSITY OF WASHINGTON",389918206,149165212,55739617.45,-93425594.55
"ICAHN SCHOOL OF MEDICINE AT MOUNT SINAI",309641127,143838429,41996102.75,-101842326.25
"UNIV OF NORTH CAROLINA CHAPEL HILL",359746297,133188994,50891625.9,-82297368.1
"EMORY UNIVERSITY",330149343,128969582,46782261.15,-82187320.85
"VANDERBILT UNIVERSITY MEDICAL CENTER",303980013,128424401,42218187.35,-86206213.65
"NORTHWESTERN UNIVERSITY AT CHICAGO",288188892,125159187,41933138.1,-83226048.9
"NEW YORK UNIVERSITY SCHOOL OF MEDICINE",265778820,121824633,37266956.95,-84557676.05
"BRIGHAM AND WOMEN'S HOSPITAL",269404823,119558864,37921012.5,-81637851.5
"UNIVERSITY OF CALIFORNIA LOS ANGELES",378885951,119496939,47553208.55,-71943730.45
"UNIVERSITY OF WISCONSIN-MADISON",285035462,107929302,37939917.35,-69989384.65
"UNIVERSITY OF MINNESOTA",266230562,105467907,37890354.35,-67577552.65
"UNIVERSITY OF SOUTHERN CALIFORNIA",261023121,99548673,34793007.3,-64755665.7
"UT SOUTHWESTERN MEDICAL CENTER",203096471,94310612,28764012.6,-65546599.4
"BAYLOR COLLEGE OF MEDICINE",218551076,93394357,31872935.35,-61521421.65
"WEILL MEDICAL COLL OF CORNELL UNIV",212515388,90609019,30258630.15,-60350388.85
"UNIVERSITY OF COLORADO DENVER",237596593,90363783,33332487.45,-57031295.55
"FRED HUTCHINSON CANCER CENTER",226475546,87262873,32667341.5,-54595531.5
"MAYO CLINIC ROCHESTER",190598668,84220620,26928819.9,-57291800.1
"UNIVERSITY OF CALIFORNIA AT DAVIS",186184991,79361206,26946085.4,-52415120.6
"UNIVERSITY OF ALABAMA AT BIRMINGHAM",242295936,79194058,34061927.5,-45132130.5
"UNIVERSITY OF FLORIDA",190313418,77211012,27812571.65,-49398440.35
"BOSTON CHILDREN'S HOSPITAL",147915673,76326333,20911224.85,-55415108.15
"SLOAN-KETTERING INST CAN RESEARCH",126546274,75382872,18134598.25,-57248273.75
"OHIO STATE UNIVERSITY",177041309,74831062,25360713.8,-49470348.2
"OREGON HEALTH & SCIENCE UNIVERSITY",209530897,73375753,27818556.8,-45557196.2
"UNIVERSITY OF UTAH",184300404,72499957,26036329.75,-46463627.25
"INDIANA UNIVERSITY INDIANAPOLIS",176279812,71931745,25301398.15,-46630346.85
"UNIVERSITY OF CHICAGO",174858051,71740155,23749502.4,-47990652.6
"UNIVERSITY OF CALIFORNIA-IRVINE",181885813,68895028,25877378.75,-43017649.25
"UNIVERSITY OF TX MD ANDERSON CAN CTR",129523192,61584438,18693889.85,-42890548.15
"UNIV OF MASSACHUSETTS MED SCH WORCESTER",122939871,59583601,17609390.05,-41974210.95
"UNIVERSITY OF VIRGINIA",126525065,58087331,18347637.3,-39739693.7
"CASE WESTERN RESERVE UNIVERSITY",125940967,56476839,17696284.6,-38780554.4
"ALBERT EINSTEIN COLLEGE OF MEDICINE",129588508,56145593,18004182.4,-38141410.6
"SCRIPPS RESEARCH INSTITUTE, THE",96206243,53815024,13756015.95,-40059008.05
"UNIVERSITY OF ILLINOIS AT CHICAGO",115427502,53776656,16639680.25,-37136975.75
"UNIVERSITY OF IOWA",120193059,53188496,17390493.75,-35798002.25
"UNIVERSITY OF ROCHESTER",130686689,52990095,18447536.55,-34542558.45
"DANA-FARBER CANCER INST",109625670,51943078,15919691.85,-36023386.15
"HARVARD MEDICAL SCHOOL",105537634,51630757,15211934.75,-36418822.25
"UNIVERSITY OF MARYLAND BALTIMORE",139985785,50939771,19902528.9,-31037242.1
"RUTGERS BIOMEDICAL AND HEALTH SCIENCES",128011366,50028517,18149457.1,-31879059.9
"CHILDREN'S HOSP OF PHILADELPHIA",110259198,48931509,15582382,-33349127
"BOSTON UNIVERSITY MEDICAL CAMPUS",127669420,47219009,17831545.25,-29387463.75
"CINCINNATI CHILDRENS HOSP MED CTR",110452004,47121828,15995273.3,-31126554.7
"UNIVERSITY OF TEXAS HLTH SCI CTR HOUSTON",113181382,46264768,16492767.95,-29772000.05
"UNIVERSITY OF ARIZONA",122832958,44367622,17696629.85,-26670992.15
"UNIVERSITY OF MIAMI SCHOOL OF MEDICINE",126188316,43252693,18037440.1,-25215252.9
"UNIVERSITY OF KENTUCKY",97926664,42345104,14250618.75,-28094485.25
"UNIVERSITY OF CALIFORNIA BERKELEY",104250764,42152349,13819816.95,-28332532.05
"CLEVELAND CLINIC LERNER COM-CWRU",80347571,39497387,11859773.7,-27637613.3
"WAKE FOREST UNIVERSITY HEALTH SCIENCES",99603496,37910877,14157850.75,-23753026.25
"BROWN UNIVERSITY",89581680,37074967,12905218.1,-24169748.9
"BETH ISRAEL DEACONESS MEDICAL CENTER",84510012,36054869,11945593.05,-24109275.95
"UNIVERSITY OF TEXAS HLTH SCIENCE CENTER",98316810,35799525,13234561.75,-22564963.25
"ST. JUDE CHILDREN'S RESEARCH HOSPITAL",68194894,34693488,9283679.4,-25409808.6
"HARVARD SCHOOL OF PUBLIC HEALTH",108856416,32854848,15572367.25,-17282480.75
"MEDICAL UNIVERSITY OF SOUTH CAROLINA",85779399,32791927,11862114.6,-20929812.4
"VANDERBILT UNIVERSITY",76535072,32747502,11124296.85,-21623205.15
"CEDARS-SINAI MEDICAL CENTER",66737290,32586968,9839718.3,-22747249.7
"BROAD INSTITUTE, INC.",97242051,31299784,13266793.85,-18032990.15
"UNIVERSITY OF TEXAS AT AUSTIN",94832058,31298813,10471620.6,-20827192.4
"VIRGINIA COMMONWEALTH UNIVERSITY",77485712,31280125,11045165.45,-20234959.55
"CORNELL UNIVERSITY",66679209,31212429,9736785.15,-21475643.85
"DARTMOUTH COLLEGE",60229930,30002908,8865119.85,-21137788.15
"MASSACHUSETTS INSTITUTE OF TECHNOLOGY",78814880,28599361,11116538.7,-17482822.3
"UNIVERSITY OF TEXAS MED BR GALVESTON",95461233,28479832,13521977.15,-14957854.85
"JACKSON LABORATORY",50989940,28280049,7484353.2,-20795695.8
"BECKMAN RESEARCH INSTITUTE/CITY OF HOPE",49465171,27852908,7199215.25,-20653692.75
"SEATTLE CHILDREN'S HOSPITAL",59799474,27821029,8456966.8,-19364062.2
"UNIVERSITY OF SOUTH FLORIDA",94103289,26610943,13947382.4,-12663560.6
"MEDICAL COLLEGE OF WISCONSIN",73524799,26516271,10117807.55,-16398463.45
"UNIVERSITY OF KANSAS MEDICAL CENTER",65362531,26486975,9395873.90000001,-17091101.1
"TULANE UNIVERSITY OF LOUISIANA",68969813,26411984,9815527.95,-16596456.05
"UNIVERSITY OF CINCINNATI",73052507,26089624,10148929.35,-15940694.65
"PENNSYLVANIA STATE UNIVERSITY, THE",57737710,25959340,8571926.25,-17387413.75
"UNIVERSITY OF NEBRASKA MEDICAL CENTER",63078638,25556899,9259849.45,-16297049.55
"PENNSYLVANIA STATE UNIV HERSHEY MED CTR",51275957,24919016,7341415.75,-17577600.25
"RESEARCH TRIANGLE INSTITUTE",56374143,24881146,8438938.8,-16442207.2
"ROCKEFELLER UNIVERSITY",45963954,24106846,6612325.85,-17494520.15
"STATE UNIVERSITY OF NEW YORK AT BUFFALO",55232974,23594233,7845857.65,-15748375.35
"SALK INSTITUTE FOR BIOLOGICAL STUDIES",42044334,23161602,6272244.8,-16889357.2
"KAISER FOUNDATION RESEARCH INSTITUTE",65906911,22884667,9659244.85,-13225422.15
"AUGUSTA UNIVERSITY",49431962,22857659,7260566.6,-15597092.4
"UNIVERSITY OF ILLINOIS AT URBANA-CHAMPAIGN",50477252,22134711,7516107.65,-14618603.35
"MICHIGAN STATE UNIVERSITY",55227954,21849385,7937569.55,-13911815.45
"HARVARD UNIVERSITY",53197012,21670561,7320711.5,-14349849.5
"SANFORD BURNHAM PREBYS MEDICAL DISCOVERY INSTITUTE",35993174,21507464,5398976.1,-16108487.9
"THOMAS JEFFERSON UNIVERSITY",48095145,21496913,7152984.4,-14343928.6
"UNIVERSITY OF MISSOURI-COLUMBIA",47886136,21182652,6989306.35,-14193345.65
"NEW YORK UNIVERSITY",53731900,21167590,7451047.25,-13716542.75
"TEMPLE UNIV OF THE COMMONWEALTH",48113098,21119576,7065394.8,-14054181.2
"UNIVERSITY OF LOUISVILLE",45550549,20883876,6750952.3,-14132923.7
"RESEARCH INST NATIONWIDE CHILDREN'S HOSP",50952275,20873748,7490112.75,-13383635.25
"WAYNE STATE UNIVERSITY",50319366,20479203,7215796.45,-13263406.55
"STATE UNIVERSITY NEW YORK STONY BROOK",41176197,20471287,6033444.9,-14437842.1
"GEORGE WASHINGTON UNIVERSITY",66078021,20359029,9194413.15,-11164615.85
"UNIV OF ARKANSAS FOR MED SCIS",50427174,19551771,7236990.05,-12314780.95
"PURDUE UNIVERSITY",46552764,19457464,6804165.9,-12653298.1
"H. LEE MOFFITT CANCER CTR & RES INST",35090246,19385086,5194830.7,-14190255.3
"UNIVERSITY OF CONNECTICUT SCH OF MED/DNT",38779238,19210336,5677112.75,-13533223.25
"CALIFORNIA INSTITUTE OF TECHNOLOGY",41330547,18762665,5897944.05,-12864720.95
"BOSTON UNIVERSITY (CHARLES RIVER CAMPUS)",43651186,18754585,6217099.1,-12537485.9
"UNIVERSITY OF NEW MEXICO HEALTH SCIS CTR",47180353,18751928,6822122.6,-11929805.4
"UNIVERSITY OF SOUTH CAROLINA AT COLUMBIA",51876156,18668014,7515726.85,-11152287.15
"PRINCETON UNIVERSITY",37128159,18202047,5353969.85,-12848077.15
"UNIVERSITY OF HAWAII AT MANOA",43729684,17237021,6318423.35,-10918597.65
"RUSH UNIVERSITY MEDICAL CENTER",45994006,17223876,6175939.55,-11047936.45
"UNIVERSITY OF GEORGIA",44085853,17112980,6484782.7,-10628197.3
"ALLEN INSTITUTE",43576703,17042632,6522443.2,-10520188.8
"RUTGERS, THE STATE UNIV OF N.J.",37655721,17004275,5538511.55,-11465763.45
"ARIZONA STATE UNIVERSITY-TEMPE CAMPUS",45081897,16970134,6164107.3,-10806026.7
"UNIVERSITY OF COLORADO",39400266,16947326,5815410.55,-11131915.45
"VIRGINIA POLYTECHNIC INST AND ST UNIV",40898542,16844514,5937890.75,-10906623.25
"TUFTS UNIVERSITY BOSTON",52910155,16657661,7077309.9,-9580351.1
"UNIVERSITY OF OKLAHOMA HLTH SCIENCES CTR",52846619,16505412,7588575.75,-8916836.25
"MAYO CLINIC  JACKSONVILLE",52452489,15724483,7708744.7,-8015738.3
"DREXEL UNIVERSITY",44982647,15586363,6391595.95,-9194767.05
"UNIV OF MARYLAND, COLLEGE PARK",41975142,15300191,6085046.25,-9215144.75
"FLORIDA STATE UNIVERSITY",42649670,15209918,6355319.25,-8854598.75
"METHODIST HOSPITAL RESEARCH INSTITUTE",36372662,15193047,5300144.1,-9892902.9
"COLD SPRING HARBOR LABORATORY",19290818,14996352,2712278,-12284074
"OKLAHOMA MEDICAL RESEARCH FOUNDATION",28456763,14740724,4260709.45,-10480014.55
"COLUMBIA UNIV NEW YORK MORNINGSIDE",33161908,14566571,4688483.35,-9878087.65
"ROSWELL PARK CANCER INSTITUTE CORP",27143642,14429698,4004972.9,-10424725.1
"J. DAVID GLADSTONE INSTITUTES",25391782,14276263,3727535.3,-10548727.7
"TRUSTEES OF INDIANA UNIVERSITY",31346176,14269151,4556094.05,-9713056.95
"GEORGETOWN UNIVERSITY",39290111,13896998,5552827.6,-8344170.4
"UNIVERSITY OF TENNESSEE HEALTH SCI CTR",32117168,13871471,4750175.15,-9121295.85
"NORTHWESTERN UNIVERSITY",30301943,13719342,4456319.4,-9263022.6
"UNIVERSITY OF VERMONT & ST AGRIC COLLEGE",35070422,13519398,4878463.8,-8640934.2
"UNIVERSITY OF DELAWARE",31609169,13388645,4694891.65,-8693753.35
"FEINSTEIN INSTITUTE FOR MEDICAL RESEARCH",26549687,13368846,3860090.8,-9508755.2
"COLORADO STATE UNIVERSITY",36754607,13233360,5390207.5,-7843152.5
"NORTHEASTERN UNIVERSITY",37104545,13187738,5316147.55,-7871590.45
"NORTH CAROLINA STATE UNIVERSITY RALEIGH",32877067,12619195,4804161.8,-7815033.2
"WISTAR INSTITUTE",27186164,12608758,4005012.45,-8603745.55
"GEORGIA INSTITUTE OF TECHNOLOGY",31237586,12181195,4514840.25,-7666354.75
"UNIVERSITY OF CALIFORNIA SANTA CRUZ",31450654,11853923,4520611.75,-7333311.25
"MASSACHUSETTS EYE AND EAR INFIRMARY",23683334,11746301,3397448.25,-8348852.75
"UNIVERSITY OF CALIFORNIA RIVERSIDE",27242847,11630067,4086427.05,-7543639.95
"WEST VIRGINIA UNIVERSITY",32341873,11515649,4495104.15,-7020544.85
"UNIVERSITY OF MASSACHUSETTS AMHERST",26682984,11499442,3877400.5,-7622041.5
"TEXAS BIOMEDICAL RESEARCH INSTITUTE",15522820,11444703,2306369.4,-9138333.6
"RAND CORPORATION",24741217,11297152,3646383.8,-7650768.2
"CHILDREN'S RESEARCH INSTITUTE",22187770,11290128,3076913.85,-8213214.15
"UNIVERSITY OF HOUSTON",26552354,10945742,3893065.2,-7052676.8
"SAN DIEGO STATE UNIVERSITY",29903482,10890689,4195278.25,-6695410.75
"WASHINGTON STATE UNIVERSITY",32860295,10695782,4576731.2,-6119050.8
"UNIVERSITY OF CONNECTICUT STORRS",26705398,10673605,3807093.35,-6866511.65
"UNIVERSITY OF OREGON",27659618,10489883,3978656.6,-6511226.4
"VAN ANDEL RESEARCH INSTITUTE",13556409,10064069,2000634.8,-8063434.2
"LA JOLLA INSTITUTE FOR IMMUNOLOGY",15296819,9956802,2272284.95,-7684517.05
"RHODE ISLAND HOSPITAL",23606249,9921507,3349180.55,-6572326.45
"BENAROYA RESEARCH INST AT VIRGINIA MASON",37564951,9890732,4737732.4,-5152999.6
"BUCK INSTITUTE FOR RESEARCH ON AGING",13774867,9622392,2026878.55,-7595513.45
"BRANDEIS UNIVERSITY",20078620,9585252,2985253.15,-6599998.85
"UNIVERSITY OF MISSISSIPPI MED CTR",23183368,9570880,3414817.85,-6156062.15
"FLORIDA INTERNATIONAL UNIVERSITY",27243049,9555525,3866354.6,-5689170.4
"UNIVERSITY OF NORTH TEXAS HLTH SCI CTR",28835737,9357467,4291066.7,-5066400.3
"CHILDREN'S HOSPITAL OF LOS ANGELES",24101085,9135826,3222794.3,-5913031.7
"RESEARCH INST OF FOX CHASE CAN CTR",12904082,8944102,1904687.95,-7039414.05
"TEXAS A&M UNIVERSITY HEALTH SCIENCE CTR",21508477,8787534,3125733.9,-5661800.1
"MCLEAN HOSPITAL",21549553,8570404,3051197.75,-5519206.25
"NATIONAL JEWISH HEALTH",17697628,8554092,2615379.6,-5938712.4
"GEORGIA STATE UNIVERSITY",22228798,8525231,3232722.7,-5292508.3
"UNIVERSITY OF CALIF-LAWRENC BERKELEY LAB",13381946,8362243,2007291.9,-6354951.1
"HENRY FORD HEALTH + MICHIGAN STATE UNIVERSITY HEALTH SCIENCES",19173678,8341477,2779824.5,-5561652.5
"UPSTATE MEDICAL UNIVERSITY",16636189,8186503,2466867.4,-5719635.6
"CARNEGIE-MELLON UNIVERSITY",27880424,7608115,3824331.95,-3783783.05
"JOSLIN DIABETES CENTER",16300970,7547192,2359101.15,-5188090.85
"UNIVERSITY OF TEXAS DALLAS",18186835,7522798,2670786.6,-4852011.4
"MAYO CLINIC ARIZONA",18896676,7498202,2759969.8,-4738232.2
"UNIVERSITY OF NOTRE DAME",19491958,7446261,2737183.2,-4709077.8
"TEXAS A&M UNIVERSITY",18230728,7202822,2698455.65,-4504366.35
"UNIVERSITY OF PUERTO RICO MED SCIENCES",20974689,7161040,3026330.05,-4134709.95
"BOSTON MEDICAL CENTER",17846884,6988672,2360151.6,-4628520.4
"SAINT LOUIS UNIVERSITY",16115068,6972441,2359093.45,-4613347.55
"CLEMSON UNIVERSITY",18810857,6941980,2729312.8,-4212667.2
"LURIE CHILDREN'S HOSPITAL OF CHICAGO",25662625,6932407,3515110.7,-3417296.3
"RHO FEDERAL SYSTEMS DIVISION, INC.",11999302,6863607,1799895.3,-5063711.7
"BANNER HEALTH",16759319,6850325,2513897.85,-4336427.15
"RICE UNIVERSITY",17797746,6624442,2539350.15,-4085091.85
"LSU PENNINGTON BIOMEDICAL RESEARCH CTR",19626027,6512856,2897890.35,-3614965.65
"TUFTS MEDICAL CENTER",14341559,6492507,2051039.4,-4441467.6
"MOREHOUSE SCHOOL OF MEDICINE",21849133,6257361,3158239.85,-3099121.15
"UNIVERSITY OF NEBRASKA LINCOLN",13230039,6234540,1980950.85,-4253589.15
"SCHEPENS EYE RESEARCH INSTITUTE",7782929,6211000,1152264.05,-5058735.95
"NEW YORK STATE PSYCHIATRIC INSTITUTE DBA RESEARCH FOUNDATION FOR MENTAL HYGIENE, INC",18206365,6153034,2499838.4,-3653195.6
"UNIVERSITY OF KANSAS LAWRENCE",15821837,6017746,2246187.75,-3771558.25
"UNIVERSITY OF NEW MEXICO",14856098,5982619,2119172.7,-3863446.3
"UNIVERSITY OF CALIFORNIA SANTA BARBARA",15389270,5968997,2192818.15,-3776178.85
"UNIVERSITY OF MIAMI CORAL GABLES",16091058,5932316,2365238.1,-3567077.9
"VERSITI WISCONSIN, INC.",12438839,5727025,1838245.3,-3888779.7
"HACKENSACK UNIVERSITY MEDICAL CENTER",12100794,5473692,1795403.6,-3678288.4
"MAINEHEALTH",10994168,5333552,1632606.8,-3700945.2
"UNIVERSITY OF NEVADA RENO",15826489,5304765,2259905.75,-3044859.25
"LSU HEALTH SCIENCES CENTER",16579283,5225102,2263192.55,-2961909.45
"IOWA STATE UNIVERSITY",12790318,5220025,1911631.75,-3308393.25
"BOSTON COLLEGE",13392714,5192869,1864017.5,-3328851.5
"HARVARD PILGRIM HEALTH CARE, INC.",15264152,5182591,2240336.9,-2942254.1
"LOUISIANA STATE UNIV A&M COL BATON ROUGE",16097421,5176350,2359623.55,-2816726.45
"LOYOLA UNIVERSITY CHICAGO",14188161,5019711,1989169.85,-3030541.15
"NATHAN S. KLINE INSTITUTE FOR PSYCH RES",11878835,5010096,1781825.25,-3228270.75
"OREGON STATE UNIVERSITY",15841634,4999538,2255459.55,-2744078.45
"SUNY DOWNSTATE MEDICAL CENTER",16859877,4936532,2169987.65,-2766544.35
"INSTITUTE FOR SYSTEMS BIOLOGY",9163335,4848900,1358450.6,-3490449.4
"NEW YORK GENOME CENTER",8965561,4838327,1337583.6,-3500743.4
"SRI INTERNATIONAL",4397969,4714152,659695.35,-4054456.65
"ADA FORSYTH INSTITUTE, INC.",7100830,4648343,1015802.35,-3632540.65
"LOUISIANA STATE UNIV HSC SHREVEPORT",11044264,4568479,1647641.1,-2920837.9
"NEW YORK STRUCTURAL BIOLOGY CENTER",6721786,4539934,1008267.9,-3531666.1
"DARTMOUTH-HITCHCOCK CLINIC",14325690,4403357,2032928.8,-2370428.2
"BATTELLE PACIFIC NORTHWEST LABORATORIES",7550395,4388965,1132559.25,-3256405.75
"UNIVERSITY OF TEXAS EL PASO",9895446,4288981,1454002.1,-2834978.9
"UNIVERSITY OF RHODE ISLAND",18601391,4251358,2156973.9,-2094384.1
"HENRY M. JACKSON FDN FOR THE ADV MIL/MED",11956607,4247768,1774102.55,-2473665.45
"HUGO W. MOSER RES INST KENNEDY KRIEGER",9966948,4224119,1438981.15,-2785137.85
"TEXAS A&M AGRILIFE RESEARCH",9790594,4194612,1465971.6,-2728640.4
"FATHER FLANAGAN'S BOYS' HOME",8179861,4185160,1214916.9,-2970243.1
"ALBANY MEDICAL COLLEGE",8229283,4089799,1198216.35,-2891582.65
"WHITEHEAD INSTITUTE FOR BIOMEDICAL RES",6526793,4047860,931852.35,-3116007.65
"PUBLIC HEALTH INSTITUTE",48836838,4039235,3410643.5,-628591.5
"UNIVERSITY OF TEXAS RIO GRANDE VALLEY",9613066,3975352,1421906.9,-2553445.1
"LAUREATE INSTITUTE FOR BRAIN RESEARCH",7083710,3970166,1038193.95,-2931972.05
"VIGNET, INC.",13230580,3863913,1984587,-1879326
"TUFTS UNIVERSITY MEDFORD",9010473,3835613,1309034.65,-2526578.35
"UNIVERSITY OF CENTRAL FLORIDA",11789903,3819789,1638254.2,-2181534.8
"STATE UNIVERSITY OF NY,BINGHAMTON",8593979,3787397,1277985.4,-2509411.6
"JAEB CENTER FOR HEALTH RESEARCH, INC.",23022667,3779665,3425215.9,-354449.1
"NATIONAL BUREAU OF ECONOMIC RESEARCH",10187106,3759890,1528065.9,-2231824.1
"ARKANSAS CHILDREN'S HOSPITAL RES INST",9944865,3733059,1471348.1,-2261710.9
"TEXAS TECH UNIVERSITY HEALTH SCIS CENTER",8031071,3698326,1200991.65,-2497334.35
"MIRIAM HOSPITAL",13838184,3667191,1862835.45,-1804355.55
"CALIFORNIA PACIFIC MED CTR RES INSTITUTE",19085558,3659245,2729600.4,-929644.6
"HOSPITAL FOR SPECIAL SURGERY",6200159,3652932,870476.85,-2782455.15
"UNIVERSITY OF NORTH DAKOTA",13092184,3643850,1782312.05,-1861537.95
"LIEBER INSTITUTE, INC.",5717123,3449641,857568.45,-2592072.55
"ST. JOSEPH'S HOSPITAL AND MEDICAL CENTER",20665687,3440393,2343620.5,-1096772.5
"UNIVERSITY OF MONTANA",8604061,3389665,1227675.4,-2161989.6
"UNIVERSITY OF TOLEDO HEALTH SCI CAMPUS",8074804,3376792,1204373.65,-2172418.35
"CITY COLLEGE OF NEW YORK",7525262,3353886,1051520.6,-2302365.4
"LUNDQUIST INSTITUTE FOR BIOMEDICAL INNOVATION AT HARBOR-UCLA MEDICAL CENTER",8846625,3332592,1318043.75,-2014548.25
"HEALTHPARTNERS INSTITUTE",6881660,3325409,1016157.9,-2309251.1
"UNIVERSITY OF IDAHO",10936988,3296753,1588307.5,-1708445.5
"STATE UNIVERSITY OF NEW YORK AT ALBANY",7453107,3283096,1111533.95,-2171562.05
"FAMILY HEALTH INTERNATIONAL",38337162,3260456,3260456,0
"GEORGE MASON UNIVERSITY",8402324,3249740,1214791.5,-2034948.5
"NATIONAL OPINION RESEARCH CENTER",7701364,3243984,1141702.45,-2102281.55
"MONTANA STATE UNIVERSITY - BOZEMAN",11972482,3235646,1695555.7,-1540090.3
"LOVELACE BIOMEDICAL RESEARCH INSTITUTE",4190006,3227715,628500.9,-2599214.1
"ENDEAVOR HEALTH CLINICAL OPERATIONS",6446329,3180712,966949.35,-2213762.65
"NORTHERN ARIZONA UNIVERSITY",9142764,3166387,1305959.65,-1860427.35
"SAN DIEGO BIOMEDICAL RESEARCH INSTITUTE",3933241,3136285,589986.15,-2546298.85
"UNIVERSITY OF MISSOURI KANSAS CITY",7262834,3129613,1001598.25,-2128014.75
"PPD DEVELOPMENT LP",5886733,3113388,883009.95,-2230378.05
"UNIVERSITY OF ARKANSAS AT FAYETTEVILLE",8848557,3106578,1297029.8,-1809548.2
"KANSAS STATE UNIVERSITY",7486088,3081346,1122913.2,-1958432.8
"UNIVERSITY OF TENNESSEE KNOXVILLE",7503680,2998411,1096522.95,-1901888.05
"UNIVERSITY OF NORTH CAROLINA CHARLOTTE",6726331,2958149,1008949.65,-1949199.35
"ROSALIND FRANKLIN UNIV OF MEDICINE & SCI",5588958,2954920,826825.2,-2128094.8
"TEXAS ENGINEERING EXPERIMENT STATION",8237976,2914249,1171303.3,-1742945.7
"ECOG-ACRIN MEDICAL RESEARCH FOUNDATION",35647621,2902281,2902281,0
"UNIVERSITY OF WYOMING",7299501,2883460,1094925.15,-1788534.85
"UNIVERSITY OF TEXAS SAN ANTONIO",9615160,2879711,1341500.8,-1538210.2
"GEISINGER CLINIC",6700127,2844954,994018.6,-1850935.4
"PONCE SCHOOL OF MEDICINE",5434843,2822442,805202.1,-2017239.9
"RUTGERS THE STATE UNIV OF NJ NEWARK",5630214,2817653,829373.6,-1988279.4
"OKLAHOMA STATE UNIVERSITY STILLWATER",7920454,2812434,1130848.25,-1681585.75
"UNIVERSITY OF OKLAHOMA",8285929,2804433,1230009.2,-1574423.8
"HEBREW REHABILITATION CENTER FOR AGED",7731474,2781380,1094057.55,-1687322.45
"TRANSLATIONAL GENOMICS RESEARCH INST",11479174,2726986,1389710.8,-1337275.2
"SYRACUSE UNIVERSITY",7497190,2710763,1082329.5,-1628433.5
"WESTAT, INC.",12906353,2710138,1935952.95,-774185.05
"SANFORD RESEARCH/USD",4089657,2704597,613448.55,-2091148.45
"SAGE BIONETWORKS",5143350,2700822,771502.5,-1929319.5
"MAX PLANCK FLORIDA CORPORATION",4850202,2650033,720286.15,-1929746.85
"REHABILITATION INSTITUTE OF CHICAGO D/B/A SHIRLEY RYAN ABILITYLAB",5897471,2635507,851736,-1783771
"HENRY FORD HEALTH SYSTEM",7159025,2628190,1025919.1,-1602270.9
"NORTHERN CALIFORNIA INSTITUTE/RES/EDU",9628051,2623948,1271561.45,-1352386.55
"MEHARRY MEDICAL COLLEGE",8187358,2581305,1093551.25,-1487753.75
"NEW YORK BLOOD CENTER",4231749,2579482,634762.35,-1944719.65
"HUNTER COLLEGE",7167648,2578042,957630.8,-1620411.2
"AUBURN UNIVERSITY AT AUBURN",6178157,2573641,911873.5,-1661767.5
"CORIELL INSTITUTE FOR MEDICAL RESEARCH",5002901,2565992,750435.15,-1815556.85
"SPARIAN BIOSCIENCES, INC.",7123701,2551903,1068555.15,-1483347.85
"LOMA LINDA UNIVERSITY",5440428,2502148,792334.2,-1709813.8
"SPAULDING REHABILITATION HOSPITAL",5663226,2460181,760323.4,-1699857.6
"CREIGHTON UNIVERSITY",5651190,2406239,833726.4,-1572512.6
"RENSSELAER POLYTECHNIC INSTITUTE",6196462,2387974,905324.3,-1482649.7
"NEMOURS CHILDREN'S HOSPITAL, DELAWARE",7520990,2386106,972754,-1413352
"UNIVERSITY OF ALABAMA IN TUSCALOOSA",6954287,2363124,1010423.7,-1352700.3
"CHILDREN'S MERCY HOSP (KANSAS CITY, MO)",7049985,2361278,955833.85,-1405444.15
"AVERA MCKENNAN",5620433,2352468,843064.95,-1509403.05
"WOMEN AND INFANTS HOSPITAL-RHODE ISLAND",4861267,2328374,693062.45,-1635311.55
"GRADUATE SCHOOL OF PUBLIC HEALTH AND HEALTH POLICY",8292875,2320081,1208087.85,-1111993.15
"COLOR HEALTH, INC.",18423090,2311910,2311910,0
"PALO ALTO VETERANS INSTIT FOR RESEARCH",8427236,2306420,1136280.4,-1170139.6
"UNIVERSITY OF SOUTH ALABAMA",5125202,2294113,761781.95,-1532331.05
"UNIVERSITY OF TEXAS ARLINGTON",6890953,2260435,966027.15,-1294407.85
"MAGEE-WOMEN'S RES INST AND FOUNDATION",14060240,2252234,1719035,-533199
"UNIVERSITY OF NEVADA LAS VEGAS",5874722,2205662,843692.85,-1361969.15
"NORTHEAST OHIO MEDICAL UNIVERSITY",4090227,2180730,613534.05,-1567195.95
"EAST CAROLINA UNIVERSITY",5415813,2157197,804491.95,-1352705.05
"UNIVERSITY OF DENVER (COLORADO SEMINARY)",5148189,2141537,763231.3,-1378305.7
"UNIVERSITY OF NEW HAMPSHIRE",5627491,2133842,829050.7,-1304791.3
"XAVIER UNIVERSITY OF LOUISIANA",4504609,2133666,658586.4,-1475079.6
"BRIGHAM YOUNG UNIVERSITY",4847285,2070594,717161.65,-1353432.35
"NEW YORK MEDICAL COLLEGE",4247359,2063902,620083.9,-1443818.1
"NORTH CAROLINA CENTRAL UNIVERSITY",4843910,2045137,663206.5,-1381930.5
"REGENERATIVE RESEARCH FOUNDATION",4490005,2004384,642651.85,-1361732.15
"FLORIDA ATLANTIC UNIVERSITY",4863414,1991370,699547.05,-1291822.95
"OLD DOMINION UNIVERSITY",4842215,1988893,709671.6,-1279221.4
"NYU LONG ISLAND SCHOOL OF MEDICINE",3857730,1980958,578659.5,-1402298.5
"TUSKEGEE UNIVERSITY",4627979,1972112,694196.85,-1277915.15
"LEHIGH UNIVERSITY",4395681,1963583,659352.15,-1304230.85
"NEW MEXICO STATE UNIVERSITY LAS CRUCES",7183070,1938512,1076692.75,-861819.25
"UNIVERSITY OF CALIFORNIA, MERCED",3875741,1931436,581361.15,-1350074.85
"NATIONAL DISEASE RESEARCH INTERCHANGE",4949977,1915810,742496.55,-1173313.45
"MARQUETTE UNIVERSITY",4872129,1907818,721114.5,-1186703.5
"BROOKHAVEN SCIENCE ASSOC-BROOKHAVEN LAB",2691243,1901630,403686.45,-1497943.55
"UNIVERSITY OF MISSISSIPPI",6171555,1886520,823039.45,-1063480.55
"TRIAD NATIONAL SECURITY, LLC",3753041,1855768,560040.4,-1295727.6
"UNIVERSITY OF MASSACHUSETTS LOWELL",6681373,1844579,822105.45,-1022473.55
"UNIVERSITY OF MASSACHUSETTS BOSTON",4449161,1837649,663887.65,-1173761.35
"DELAWARE STATE UNIVERSITY",5501808,1817423,776218.85,-1041204.15
"UNIVERSITY OF TEXAS HLTH CTR AT TYLER",4370207,1816336,648085.45,-1168250.55
"SCINTILLON INSTITUTE FOR PHOTOBIOLOGY",2541542,1806600,381231.3,-1425368.7
"UNIVERSITY OF WISCONSIN MILWAUKEE",5668964,1782504,794317.5,-988186.5
"MOUNT DESERT ISLAND BIOLOGICAL LAB",5795376,1773463,835058.65,-938404.35
"MARSHFIELD CLINIC RESEARCH FOUNDATION",5655509,1758622,793940.95,-964681.05
"TEXAS TECH UNIVERSITY",3540400,1737325,531060,-1206265
"STOWERS INSTITUTE FOR MEDICAL RESEARCH",3159405,1729265,467428.8,-1261836.2
"NORTH DAKOTA STATE UNIVERSITY",5038449,1721732,755767.35,-965964.65
"WINIFRED MASTERSON BURKE MED RES INST",3429033,1686189,514354.95,-1171834.05
"UNIVERSITY OF ALASKA FAIRBANKS",3943389,1681222,538306.65,-1142915.35
"EAST TENNESSEE STATE UNIVERSITY",3973027,1663349,588954.05,-1074394.95
"UCHICAGO ARGONNE, LLC",2566454,1661261,384968.1,-1276292.9
"FLORIDA AGRICULTURAL AND MECHANICAL UNIV",4485156,1658281,672773.4,-985507.6
"CHARLES R. DREW UNIVERSITY OF MED & SCI",5569037,1610826,700527.65,-910298.35
"WRIGHT STATE UNIVERSITY",4022985,1599328,588489.7,-1010838.3
"UNIVERSITY OF NEW ENGLAND",5162322,1595430,718245.6,-877184.4
"ADVENTHEALTH ORLANDO",6254389,1582621,863361.2,-719259.8
"KENT STATE UNIVERSITY",3401850,1581934,508413,-1073521
"HOWARD UNIVERSITY",4167682,1578137,554027.35,-1024109.65
"UNIVERSITY OF MARYLAND BALTIMORE COUNTY",4556263,1574964,674601.95,-900362.05
"WADSWORTH CENTER",3691359,1561361,539910.15,-1021450.85
"SEATTLE INST FOR BIOMEDICAL/CLINICAL RES",7061545,1552481,980951.75,-571529.25
"BUTLER HOSPITAL (PROVIDENCE, RI)",6115764,1539669,809368.9,-730300.1
"ALLIANCE NCTN FOUNDATION",9758856,1528507,1463828.4,-64678.6000000001
"ROWAN UNIVERSITY",2851131,1492896,427669.65,-1065226.35
"PACIFIC INSTITUTE FOR RES AND EVALUATION",3077679,1450636,461651.85,-988984.15
"MARINE BIOLOGICAL LABORATORY",3917906,1447917,420710.5,-1027206.5
"BAYLOR UNIVERSITY",5240156,1442524,746643.5,-695880.5
"MC LAUGHLIN RESEARCH INSTITUTE",2186821,1442065,328023.15,-1114041.85
"PACIFIC NORTHWEST RESEARCH INSTITUTE",1941472,1395314,291220.8,-1104093.2
"POPULATION COUNCIL",2508250,1385259,376237.5,-1009021.5
"ILLINOIS INSTITUTE OF TECHNOLOGY",5464840,1381425,806756.75,-574668.25
"BOISE STATE UNIVERSITY",3655272,1377558,548290.8,-829267.2
"ROCHESTER INSTITUTE OF TECHNOLOGY",3439973,1355139,500971.45,-854167.55
"UNIVERSITY OF NORTH CAROLINA GREENSBORO",3085257,1326508,462788.55,-863719.45
"MIAMI UNIVERSITY OXFORD",3454937,1325113,518240.55,-806872.45
"CALIFORNIA MEDICAL INNOVATIONS INSTITUTE",2448751,1316261,367312.65,-948948.35
"OREGON RESEARCH INSTITUTE",2867541,1298382,422791.6,-875590.4
"NORTH CAROLINA AGRI & TECH ST UNIV",3969219,1289941,576686.3,-713254.7
"UNIVERSITY OF SOUTH DAKOTA",4754084,1275572,713112.6,-562459.4
"UNIVERSITY OF NEBRASKA OMAHA",3467131,1253842,511855.15,-741986.85
"AMERICAN COLLEGE OF RADIOLOGY",8794788,1244921,1244921,0
"OAKLAND UNIVERSITY",3028005,1222227,454200.75,-768026.25
"FRIENDS RESEARCH INSTITUTE, INC.",4092706,1219664,613905.9,-605758.1
"CLEVELAND STATE UNIVERSITY",3146463,1215173,471969.45,-743203.55
"JACKSON STATE UNIVERSITY",3798260,1205736,569739,-635997
"MICHIGAN TECHNOLOGICAL UNIVERSITY",2758025,1204734,413703.75,-791030.25
"OHIO UNIVERSITY ATHENS",3747677,1184919,522613.3,-662305.7
"MORGAN STATE UNIVERSITY",2922468,1181719,438370.2,-743348.8
"NEW JERSEY INSTITUTE OF TECHNOLOGY",3308718,1181206,487952.15,-693253.85
"UTAH STATE UNIVERSITY",3541990,1178114,522240.3,-655873.7
"WORCESTER POLYTECHNIC INSTITUTE",3638600,1169960,533008.6,-636951.4
"MONELL CHEMICAL SENSES CENTER",2200787,1164372,316181.95,-848190.05
"MARSHALL UNIVERSITY",5268848,1161781,790327.2,-371453.8
"BAYSTATE MEDICAL CENTER, INC.",3423547,1154694,477392.2,-677301.8
"HENNEPIN HEALTHCARE RESEARCH INSTITUTE",10861704,1147381,1015510.9,-131870.1
"EMMA PENDLETON BRADLEY HOSPITAL",6816082,1127379,852068.05,-275310.95
"ANTIDOTE THERAPEUTICS, INC.",5465438,1089688,819815.7,-269872.3
"QUEENS COLLEGE",3200615,1077835,472472.3,-605362.7
"ADVANCED SCIENCE RESEARCH CENTER",2107672,1073666,316150.8,-757515.2
"KESSLER FOUNDATION, INC.",3200487,1072274,454439.6,-617834.4
"SANFORD RESEARCH NORTH",2652180,1070410,397827,-672583
"TEXAS SOUTHERN UNIVERSITY",2187171,1065915,328075.65,-737839.35
"CAMBRIDGE HEALTH ALLIANCE",2028795,1047237,304319.25,-742917.75
"ROWAN UNIVERSITY SCHOOL/OSTEOPATHIC MED",1942320,1042357,286604.6,-755752.4
"CARNEGIE INSTITUTION OF WASHINGTON, D.C.",1598124,1042099,239718.6,-802380.4
"SMITH-KETTLEWELL EYE RESEARCH INSTITUTE",1704979,1039253,255746.85,-783506.15
"CLEAR SCIENTIFIC, LLC",6112287,1032423,823913.2,-208509.8
"CALIFORNIA STATE UNIVERSITY NORTHRIDGE",2625662,1029746,358480,-671266
"NOVA SOUTHEASTERN UNIVERSITY",2522732,987070,319079.7,-667990.3
"CLARK ATLANTA UNIVERSITY",2022253,973118,303337.95,-669780.05
"UNIVERSITY OF MAINE ORONO",3124633,969027,443162.4,-525864.6
"HARTFORD HOSPITAL",1831534,968830,274730.1,-694099.9
"HAUPTMAN-WOODWARD MEDICAL RESEARCH INST",1200817,962151,180122.55,-782028.45
"AUTONOMOUS THERAPEUTICS, INC.",665421,957284,99813.15,-857470.85
"NEW ENGLAND RESEARCH INSTITUTES, INC.",2022350,953096,303352.5,-649743.5
"MASONIC MEDICAL RESEARCH LABORATORY, INC",1361862,942556,204279.3,-738276.7
"OCHIN, INC.",3223218,935988,483482.7,-452505.3
"CHAPMAN UNIVERSITY",4879577,931121,645796.2,-285324.8
"MGH INSTITUTE OF HEALTH PROFESSIONS",2923558,923527,392397.5,-531129.5
"SAINT JOSEPH MERCY HEALTH SYSTEM",2409134,920094,361370.1,-558723.9
"LAWRENCE LIVERMORE NATIONAL SECURITY, LLC",1388216,915166,208232.4,-706933.6
"SOUTH DAKOTA STATE UNIVERSITY",2002286,914204,300342.9,-613861.1
"UNIVERSITY OF SOUTHERN MISSISSIPPI",3902252,912571,585337.8,-327233.2
"ST. JOHN'S UNIVERSITY",1525000,911500,228750,-682750
"VETERANS MEDICAL RESEARCH FDN/SAN DIEGO",2294471,910507,344170.65,-566336.35
"BLOODWORKS",1423415,902796,199854,-702942
"MORGRIDGE INSTITUTE FOR RESEARCH, INC.",2334980,894982,350247,-544735
"STATE COLLEGE OF OPTOMETRY",1781341,877819,256725.35,-621093.65
"COGNITION THERAPEUTICS, INC.",12276691,851056,851056,0
"UNIVERSITY OF CAPE TOWN",14529646,846567,846567,0
"CARLE FOUNDATION",2050921,840007,307638.15,-532368.85
"SAN FRANCISCO STATE UNIVERSITY",2024666,820011,286099.4,-533911.6
"INNOVATION RESEARCH AND TRAINING, INC.",1122969,816388,168445.35,-647942.65
"TERASAKI INSTITUTE FOR BIOMEDICAL INNOVATION",1206714,804856,181007.1,-623848.9
"OSU CENTER FOR HEALTH SCIENCES",2966755,801383,445013.25,-356369.75
"SWEDISH MEDICAL CENTER, FIRST HILL",2129082,799463,319362.3,-480100.7
"IHC HEALTH SERVICES, INC.",1946974,795810,292046.1,-503763.9
"MISSISSIPPI STATE UNIVERSITY",1929160,795194,289374,-505820
"WAKE FOREST UNIVERSITY",6252975,791457,571455.35,-220001.65
"CATHOLIC UNIVERSITY OF AMERICA",1589990,783173,238498.5,-544674.5
"OAK CREST INSTITUTE OF SCIENCE",3155857,782763,456929.45,-325833.55
"SPECTRUM HEALTH HOSPITALS",1810800,778371,271620,-506751
"PORTLAND STATE UNIVERSITY",2808458,773368,407025.7,-366342.3
"MESO SCALE DIAGNOSTICS, LLC",1615392,765230,242308.8,-522921.2
"ENSYSCE BIOSCIENCES, INC.",3810579,762116,571586.85,-190529.15
"UNIVERSITY OF TOLEDO",1632443,760536,242066.45,-518469.55
"NIRSUM LABORATORIES, INC.",7746918,760109,760109,0
"TEXAS TECH UNIVERSITY HEALTH SCIENCES CENTER AT EL PASO",1581424,759671,237213.6,-522457.4
"SOUTHERN RESEARCH INSTITUTE",992633,759307,148894.95,-610412.05
"WILLIAM BEAUMONT HOSPITAL RESEARCH INST",1652081,706432,247812.15,-458619.85
"HDT BIO CORPORATION",1868885,698456,198836.95,-499619.05
"NEURONASCENT, INC.",1745397,698159,261809.55,-436349.45
"DOHENY EYE INSTITUTE",2188030,697903,328204.5,-369698.5
"GE MEDICAL SYSTEMS INFORMATION TECHNOLOGIES, INC",1533247,688992,229987.05,-459004.95
"PROTEOGENOMICS RESEARCH INSTIT/SYS/ MED",1029486,682187,154422.9,-527764.1
"COMPREHENSIVE CANCER CENTER/ UNIV/PR",3979117,677770,424533.95,-253236.05
"ROSKAMP INSTITUTE, INC.",1060742,674278,159111.3,-515166.7
"LOYOLA MARYMOUNT UNIVERSITY",1688898,672379,253334.7,-419044.3
"UNIVERSITY OF MEMPHIS",2471328,669915,352444.6,-317470.4
"WILLS EYE HEALTH SYSTEM",1718207,667036,257731.05,-409304.95
"BOSTON VA RESEARCH INSTITUTE, INC.",4178722,660501,548787.65,-111713.35
"THE TRUSTEES OF THE STEVENS INSTITUTE OF TECHNOLOGY",1914118,656181,287117.7,-369063.3
"UNIVERSITY OF NORTH TEXAS",1575998,648816,236399.7,-412416.3
"VITALANT ",1824370,640899,273655.5,-367243.5
"FORDHAM UNIVERSITY",2603886,634991,328576.2,-306414.8
"CLEVELAND CLINIC FOUNDATION",1632203,631882,244830.45,-387051.55
"LEGACY EMANUEL HOSPITAL AND HEALTH CENTER",1633440,631420,245016,-386404
"WITS HEALTH CONSORTIUM (PTY), LTD",10835551,617038,617038,0
"INSTITUTE FOR MOLECULAR MEDICINE",3421563,613912,513234.45,-100677.55
"HUDSON-ALPHA INSTITUTE FOR BIOTECHNOLOGY",1615425,607587,242313.75,-365273.25
"UNIVERSITY OF GUAM",1621996,598160,243299.4,-354860.6
"SANARIA, INC.",1431039,595410,214655.85,-380754.15
"SOUTHERN ILLINOIS UNIVERSITY SCH OF MED",1436466,587131,202706,-384425
"SAN JOSE STATE UNIVERSITY",1275000,586346,191250,-395096
"WESTERN MICHIGAN UNIV SCHOOL OF MEDICINE",1416876,580718,212531.4,-368186.6
"J. CRAIG VENTER INSTITUTE, INC.",901499,577999,135224.85,-442774.15
"HERBERT H. LEHMAN COLLEGE",1519916,570592,210013.35,-360578.65
"CENTER FOR INNOVATIVE PUBLIC HEALTH RESEARCH",1922429,561065,288364.35,-272700.65
"CLARKSON UNIVERSITY",1635736,552683,214880.45,-337802.55
"GALLAUDET UNIVERSITY",1561269,549840,234190.35,-315649.65
"YORK COLLEGE",900664,549833,135099.6,-414733.4
"TEXAS STATE UNIVERSITY",1443432,547033,204406.95,-342626.05
"HEKTOEN INSTITUTE FOR MEDICAL RESEARCH",3398290,536337,461553.75,-74783.25
"KENNESAW STATE UNIVERSITY",2485656,533438,306751,-226687
"NDRI-USA, INC.",1776524,525549,266478.6,-259070.4
"NORTHWEST PORTLAND AREA INDIAN HLTH BD",2333098,524366,349964.7,-174401.3
"CALIFORNIA STATE UNIVERSITY LONG BEACH",1114921,504187,167238.15,-336948.85
"DE PAUL UNIVERSITY",1873740,503887,281061,-222826
"DECATUR MEMORIAL HOSPITAL",3107563,502907,466134.45,-36772.55
"TEXAS HEART INSTITUTE",1264410,502840,183360.25,-319479.75
"NOVOBIOTIC PHARMACEUTICALS, LLC",724207,497147,108631.05,-388515.95
"PRISMA HEALTH - UPSTATE",1031968,493059,132257.15,-360801.85
"SOUTHERN METHODIST UNIVERSITY",2066856,493015,307245.6,-185769.4
"CONNECTICUT CHILDREN'S MEDICAL CENTER",2615466,489340,366197.3,-123142.7
"NATIONAL ALLIANCE FOR HISPANIC HEALTH",1513135,486865,226970.25,-259894.75
"SPARTANBURG REGIONAL MEDICAL CENTER",2854492,473026,428173.8,-44852.2
"VILLANOVA UNIVERSITY",1869981,472391,275220.65,-197170.35
"BROOKLYN COLLEGE",844196,471545,126629.4,-344915.6
"VENATORX PHARMACEUTICALS, INC.",749999,470776,112499.85,-358276.15
"PARTNERSHIP TO END ADDICTION",888706,469183,133305.9,-335877.1
"CHESTNUT HEALTH SYSTEMS, INC.",1954960,467705,268484.15,-199220.85
"OCEAN STATE RESEARCH INSTITUTE, INC.",3116589,460514,426507.15,-34006.85
"WOODS HOLE OCEANOGRAPHIC INSTITUTION",833155,452658,124973.25,-327684.75
"UNIVERSITY OF MELBOURNE",9122456,450507,450507,0
"CENTRAL MICHIGAN UNIVERSITY",1370082,449233,194508.3,-254724.7
"HUNTINGTON MEDICAL RESEARCH INSTITUTES",1451002,442802,217650.3,-225151.7
"MEDSTAR HEALTH RESEARCH INSTITUTE",1018643,441283,152796.45,-288486.55
"CHRISTIANA CARE HEALTH SERVICES, INC.",1454863,439692,218229.45,-221462.55
"UNIVERSITY OF NORTH CAROLINA WILMINGTON",896004,435673,134400.6,-301272.4
"ESSENTIA INSTITUTE OF RURAL HEALTH",902392,433148,135358.8,-297789.2
"FOUNDATION FOR APPLIED MOLECULAR EVOLUTN",767831,432721,115174.65,-317546.35
"EICOSIS, LLC",1713554,428389,257033.1,-171355.9
"KITWARE, INC.",755401,428185,113310.15,-314874.85
"KLEIN BUENDEL, INC.",1241457,425767,186218.55,-239548.45
"EUROPEAN MOLECULAR BIOLOGY LABORATORY",11030016,425762,425762,0
"WESTERN UNIVERSITY OF HEALTH SCIENCES",1215201,418027,182280.15,-235746.85
"LANKENAU INSTITUTE FOR MEDICAL RESEARCH",1150847,415915,172627.05,-243287.95
"WESLEYAN UNIVERSITY",663400,414816,99510,-315306
"ROSE LI AND ASSOCIATES, INC.",694292,412063,104143.8,-307919.2
"STELLENBOSCH UNIVERSITY",8786802,405859,405859,0
"FZATA, INC.",1688918,402631,253337.7,-149293.3
"TENNESSEE STATE UNIVERSITY",1588453,400712,216726.7,-183985.3
"FOX CHASE CHEMICAL DIVERSITY CENTER, INC",1245896,392797,186884.4,-205912.6
"AMERICAN UNIVERSITY",2025603,388849,258070.5,-130778.5
"WESTERN STATES CANCER RESEARCH NCORP",550788,378726,82618.2,-296107.8
"NRG ONCOLOGY FOUNDATION, INC.",31756296,376558,376558,0
"COLORADO SCHOOL OF MINES",1358696,376127,203804.4,-172322.6
"BIOCORRX PHARMACEUTICALS INC",3755566,375557,375557,0
"ALBERT EINSTEIN HEALTHCARE NETWORK",1080984,375009,162147.6,-212861.4
"DUQUESNE UNIVERSITY",1282286,367812,175733.8,-192078.2
"ALBANY COLLEGE OF PHARMACY",6e+05,360000,90000,-270000
"BALL STATE UNIVERSITY",1668273,354580,222738.4,-131841.6
"ALASKA NATIVE TRIBAL HEALTH CONSORTIUM",4594667,343925,343925,0
"INDIAN HEALTH COUNCIL, INC.",1430106,342381,214515.9,-127865.1
"OAK RIDGE ASSOCIATED UNIVERSITIES",857419,340732,128612.85,-212119.15
"FLORIDA INSTITU /HUMAN/MACHINE COGNITION",1204900,340308,180735,-159573
"AURORA HEALTH CARE, INC.",1451689,339987,217753.35,-122233.65
"CALIFORNIA STATE UNIVERSITY SAN MARCOS",1134263,339391,130641,-208750
"COLUMBIA UNIVERSITY TEACHERS COLLEGE",1241496,336436,168789.2,-167646.8
"ARISAN THERAPEUTICS, INC.",734910,330195,110236.5,-219958.5
"PROVIDENCE PORTLAND MEDICAL CENTER",761547,330155,103732.05,-226422.95
"UNIVERSITY OF MIAMI ROSENTEIL SCHOOL",593058,326182,88958.7,-237223.3
"FLORIDA GULF COAST UNIVERSITY",1512264,323780,182289.45,-141490.55
"CALIFORNIA STATE UNIVERSITY FULLERTON",1866805,322914,179001.15,-143912.85
"MERCER UNIVERSITY MACON",1007687,309237,141656.6,-167580.4
"STEADMAN PHILIPPON RESEARCH INSTITUTE",576497,309060,86474.55,-222585.45
"MONTEFIORE MEDICAL CENTER (BRONX, NY)",657547,305777,98632.05,-207144.95
"BACSTITCH DNA INC.",576005,304186,86400.75,-217785.25
"SCANOGEN, INC.",482053,303793,72307.95,-231485.05
"SOUTHCENTRAL FOUNDATION",2048434,302876,241651.5,-61224.5
"ROCHESTER GENERAL HOSPITAL (NY)",519784,302449,77967.6,-224481.4
"WELLESLEY COLLEGE",626012,301876,93901.8,-207974.2
"UNIVERSITY OF THE PACIFIC-STOCKTON",1286198,298771,192907.7,-105863.3
"WHITMAN-WALKER INSTITUTE, INC.",1012970,297552,136608.95,-160943.05
"BAPTIST MEMORIAL HOSPITAL - TIPTON",1172178,297138,175826.7,-121311.3
"UNIVERSITY COLLEGE LONDON",4113832,295368,295368,0
"UNIVERSIDAD PERUANA CAYETANO HEREDIA",4435512,293598,293598,0
"IDAHO STATE UNIVERSITY",1031553,291956,120409.5,-171546.5
"TEXAS A&M UNIVERSITY-KINGSVILLE",773909,291745,116086.35,-175658.65
"NORTHEASTERN ILLINOIS UNIVERSITY",1086108,291161,162916.2,-128244.8
"SANDIA CORP-SANDIA NATIONAL LABORATORIES",440191,289095,66028.65,-223066.35
"MAKERERE UNIVERSITY COLLEGE OF HEALTH SCIENCES",4471345,288482,288482,0
"UNIVERSITY OF LOUISIANA AT LAFAYETTE",1056314,288469,142593.1,-145875.9
"IMPLENOMICS LLCS",1316185,286571,165839.9,-120731.1
"PARK THERAPEUTICS, INC.",3041334,283257,283257,0
"RUTGERS THE STATE UNIV OF NJ CAMDEN",5e+05,282707,75000,-207707
"WICHITA STATE UNIVERSITY",2023607,279888,257656,-22232
"FRONTIER SCI & TECHNOLOGY RSCH FDN, INC",1086264,278796,162939.6,-115856.4
"UNIVERSITY OF DAYTON",838479,274320,125771.85,-148548.15
"APPLIED BIOMEDICAL SCIENCE INSTITUTE",652858,268167,97928.7,-170238.3
"USWM, LLC",2651584,265158,265158,0
"NEW YORK INST OF TECHNOLOGY",725900,264936,108885,-156051
"CHILD MIND INSTITUTE, INC.",665245,264149,99786.75,-164362.25
"LOUISIANA STATE UNIV AGRICULTURAL CENTER",764591,263797,114688.65,-149108.35
"HAVERFORD COLLEGE",548982,263510,82347.3,-181162.7
"NEMOURS CHILDREN'S CLINIC",1347661,262646,161641.95,-101004.05
"MIDWESTERN UNIVERSITY (GLENDALE AZ)",833268,258990,124990.2,-133999.8
"UNIVERSIDAD CENTRAL DEL CARIBE",935624,258002,128665.75,-129336.25
"MOUNT HOLYOKE COLLEGE",599996,257789,89999.4,-167789.6
"FLORIDA INSTITUTE OF TECHNOLOGY",569102,255356,85365.3,-169990.7
"AMERICAN INDIAN HIGHER EDUCATION CONSRTM",976716,251596,146507.4,-105088.6
"UNIVERSITY OF TEXAS TYLER",825208,250427,123781.2,-126645.8
"ACCELEVIR DIAGNOSTICS, LLC",499725,249863,74958.75,-174904.25
"ASTRAEA THERAPEUTICS, LLC",621195,248478,93179.25,-155298.75
"CALIFORNIA STATE UNIVERSITY SACRAMENTO",599506,248199,89925.9,-158273.1
"MBARARA UNIVERSITY/SCIENCE/ TECHNOLOGY",3358424,247938,247938,0
"NEUROVATIONS",602746,247849,90411.9,-157437.1
"STEELWORKER CHARITABLE/EDUCATIONAL ORG",3617137,246583,246583,0
"CALIFORNIA STATE UNIV SAN BERNARDINO",649986,246545,88793.7,-157751.3
"CALIFORNIA POLY STATE U SAN LUIS OBISPO",1188136,245224,175499.9,-69724.1
"UNIVERSITY OF MASSACHUSETTS DARTMOUTH",1124301,244449,155876,-88573
"INTERNATIONAL AGENCY FOR RES ON CANCER",3274702,243755,243755,0
"BAYLOR RESEARCH INSTITUTE",539723,242052,80958.45,-161093.55
"UNIVERSITY OF BRITISH COLUMBIA",3470002,238140,238140,0
"KECK GRADUATE INST OF APPLIED LIFE SCIS",684040,236240,102606,-133634
"EASTERN VIRGINIA MEDICAL SCHOOL",1378836,235689,134764.8,-100924.2
"UNIV OF CALIF/DIV/AGRICULTURE/NAT/RESOUR",432458,233047,64868.7,-168178.3
"GILGAMESH PHARMACEUTICALS INC",2514352,232799,232799,0
"ATLANTIC HEALTH SYSTEM, INC.",650084,226458,97512.6,-128945.4
"INOVA HEALTH CARE SERVICES",905378,225727,111456.7,-114270.3
"NORTHERN KENTUCKY UNIVERSITY",581752,224248,87262.8,-136985.2
"UNIVERSITY OF MICHIGAN AT DEARBORN",398559,223193,59783.85,-163409.15
"VACCINE RESEARCH INSTITUTE OF SAN DIEGO",467409,220960,70111.35,-150848.65
"JUDGE BAKER CHILDREN'S CENTER",630000,220500,94500,-126000
"VISITING NURSE SERVICE OF NEW YORK",698127,217497,96040.3,-121456.7
"UNIVERSITY OF NORTHERN COLORADO",575222,216684,86283.3,-130400.7
"ARBOR RESEARCH COLLABORATIVE FOR  HEALTH",444444,215555,66666.6,-148888.4
"BARUCH S. BLUMBERG INSTITUTE",760892,214394,114133.8,-100260.2
"CALIFORNIA STATE UNIVERSITY FRESNO",575000,213676,86250,-127426
"QUEEN'S MEDICAL CENTER",418877,211928,62831.55,-149096.45
"AMERICAN FEDERATION FOR AGING RESEARCH",1091391,209594,163708.65,-45885.35
"COLLEGE AT OSWEGO",668579,208960,100286.85,-108673.15
"OCCIDENTAL COLLEGE",599245,208142,89886.75,-118255.25
"FRANKLIN AND MARSHALL COLLEGE",6e+05,208073,90000,-118073
"NEUROPACE, INC.",1950984,207205,207205,0
"ASTRAZENECA PHARMACEUTICALS, LP",2819251,204911,204911,0
"UNIVERSITY OF MISSOURI-ST. LOUIS",579547,204787,82985.95,-121801.05
"ASELL, LLC",409217,203245,61382.55,-141862.45
"MISSOURI UNIVERSITY OF SCIENCE & TECHNOLOGY",738033,201167,110704.95,-90462.05
"CENTRE/AIDS PROGRAMME/RES/SOUTH AFRICA",3505115,200753,200753,0
"WABANAKI HEALTH AND WELLNESS",2714231,200654,200654,0
"HILLHURST BIOPHARMACEUTICALS, INC.",661919,198576,99287.85,-99288.15
"LOMA LINDA VETERANS ASSN RESEARCH & EDUC",426800,198462,64020,-134442
"MICROGEN, LLC",416484,197860,62472.6,-135387.4
"PUBLIC HEALTH FOUNDATION ENTERPRISES",3426164,196402,196402,0
"CALIFORNIA STATE UNIVERSITY LOS ANGELES",425000,195500,63750,-131750
"SOUTHERN NEVADA CANCER RESEARCH FDN",928004,194958,139200.6,-55757.4
"INTRALYTIX, INC.",971083,194379,145662.45,-48716.55
"CHILDREN'S HOSPITAL OF ORANGE COUNTY",674292,193736,101143.8,-92592.2
"NORTHERN ILLINOIS UNIVERSITY",465876,192842,69881.4,-122960.6
"SMITH COLLEGE",605592,192651,85026.75,-107624.25
"SIMON FRASER UNIVERSITY",2832630,192437,192437,0
"MIDWESTERN UNIVERSITY",890660,191342,132112.4,-59229.6
"FOUNDATION FOR AIDS RESEARCH",2691827,191272,191272,0
"TEXAS CHRISTIAN UNIVERSITY",724392,189617,108658.8,-80958.2
"BOYCE THOMPSON INST FOR PLANT RESEARCH",442035,188749,66305.25,-122443.75
"UNIVERSITAT BERN",4306111,188477,188477,0
"NANOSCOPE TECHNOLOGIES, LLC",598157,187223,89723.55,-97499.45
"KANSAS CITY UNIVERSITY",467701,187080,70155.15,-116924.85
"PYXIS PARTNERS LLC",1863636,186364,186364,0
"SCRIPPS HEALTH",487713,185866,72900.55,-112965.45
"INTERNATIONAL CHEMICAL WORKERS UNION",2865785,185701,185701,0
"ARKANSAS STATE UNIVERSITY",597000,182716,89550,-93166
"MIDDLEBURY COLLEGE",581210,181830,87181.5,-94648.5
"SCIENTIFIC ANALYSIS CORPORATION",377632,181700,56644.8,-125055.2
"SWARTHMORE COLLEGE",425000,181183,63750,-117433
"UNIVERSITY HEALTH NETWORK",4652598,180789,180789,0
"RADY PEDIATRIC GENOMICS & SYSTEMS MEDICINE INSTITUTE",472139,180532,70820.85,-109711.15
"PROKARYOTICS, INC.",499517,179826,74927.55,-104898.45
"UNIVERSITY OF EDINBURGH",2637338,179580,179580,0
"MONTCLAIR STATE UNIVERSITY",974240,178182,120249.6,-57932.4
"NATIONAL MARROW DONOR PROGRAM",1082423,175017,162363.45,-12653.55
"SETI INSTITUTE",346948,174167,52042.2,-122124.8
"CALIFORNIA STATE UNIV-DOMINGUEZ HILLS",507583,173959,61959,-112000
"OAI, INC.",2140807,171265,171265,0
"WESTERN WASHINGTON UNIVERSITY",599940,171200,89991,-81209
"UNIVERSITY OF MICHIGAN AT FLINT",3e+05,168000,45000,-123000
"HOAG MEMORIAL HOSPITAL PRESBYTERIAN",394249,165989,59137.35,-106851.65
"TARLETON STATE UNIVERSITY",615004,163976,92250.6,-71725.4
"INSTITUTE FOR BASIC RES IN DEV DISABIL",432810,163933,64921.5,-99011.5
"INDOOR BIOTECHNOLOGIES",365759,162866,54863.85,-108002.15
"HEALING LODGE OF THE SEVEN NATIONS",882653,162446,132397.95,-30048.05
"BRYANT UNIVERSITY",269949,161969,40492.35,-121476.65
"CROSSLIFE TECHNOLOGIES, INC.",598620,160594,89793,-70801
"HASTINGS CENTER, INC.",874636,158179,126180.8,-31998.2
"DELTA RESEARCH AND EDUCATIONAL FOUNDATION",1575441,157545,157545,0
"CALIFORNIA STATE POLY U POMONA",350000,157287,52500,-104787
"ILLINOIS STATE UNIVERSITY",349528,157213,52429.2,-104783.8
"PROVIDENCE HEALTH & SERVICES - OREGON",361031,156391,43654.65,-112736.35
"DES MOINES UNIV OSTEOPATHIC MEDICAL CTR",298292,155112,44743.8,-110368.2
"UNIVERSITY OF TORONTO",3301814,153742,153742,0
"INTERNATIONAL ASSOCIATION FIRE FIGHTERS",1920624,153649,153649,0
"UNIVERSITY OF TEXAS OF THE PERMIAN BASIN",304773,152996,45715.95,-107280.05
"TRINITY UNIVERSITY",799404,152501,119910.6,-32590.4
"UT-BATTELLE, LLC-OAK RIDGE NATIONAL LAB",225000,152330,33750,-118580
"UNIVERSITY OF MARYLAND EASTERN SHORE",350000,151617,52500,-99117
"APPALACHIAN STATE UNIVERSITY",4e+05,151093,60000,-91093
"UNIVERSITY OF NEW SOUTH WALES",2740269,150375,150375,0
"NEMOURS CHILDREN'S HOSPITAL, ORLANDO",568812,149252,75466.8,-73785.2
"COOK CHILDREN'S MEDICAL CENTER",724331,148800,88972.8,-59827.2
"XEMED, LLC",525659,148516,78848.85,-69667.15
"UNIVERSITY OF AKRON",3e+05,148200,45000,-103200
"BOWLING GREEN STATE UNIVERSITY",350000,147000,52500,-94500
"HIGH POINT UNIVERSITY",3e+05,147000,45000,-102000
"LAWRENCE TECHNOLOGICAL UNIVERSITY",299911,146956,44986.65,-101969.35
"WESTERN MICHIGAN UNIVERSITY",299704,146729,44955.6,-101773.4
"MIDDLE TENNESSEE STATE UNIVERSITY",478419,146725,71762.85,-74962.15
"ABSENTEE SHAWNEE TRIBE OF OKLAHOMA",510807,144216,76621.05,-67594.95
"UNIVERSITY OF OXFORD",2591675,144122,144122,0
"JAMES MADISON UNIVERSITY",480924,143687,58488.6,-85198.4
"FRAUNHOFER CENTER /MANUFACTURING INNOV",314839,141596,47225.85,-94370.15
"TEXAS WOMAN'S UNIVERSITY",576921,140375,84241.55,-56133.45
"PATH",441040,139803,66156,-73647
"RETINA FOUNDATION OF THE SOUTHWEST",366859,139406,55028.85,-84377.15
"SOUTHERN UNIV A&M COL BATON ROUGE",375000,138966,56250,-82716
"DRUG DELIVERY COMPANY, LLC, THE",1667352,138768,138768,0
"NATIVE AMERICAN COMMUNITY CLINIC",411313,137790,61696.95,-76093.05
"PACE UNIVERSITY NEW YORK",392171,137281,58825.65,-78455.35
"UNIVERSITY OF HAWAII AT HILO",380163,135966,57024.45,-78941.55
"AMERICAN GASTROENTEROLOGICAL ASSN/INST",828648,135168,105450.8,-29717.2
"BUCKNELL UNIVERSITY",470413,133818,70561.95,-63256.05
"SAINT JOSEPH'S UNIVERSITY",296105,133247,44415.75,-88831.25
"AGA KHAN UNIVERSITY (KENYA)",2293910,132688,132688,0
"CHILDREN'S HOSPITAL OF WISCONSIN",451077,131535,67661.55,-63873.45
"UNIVERSITY OF SAN FRANCISCO",528626,131502,79293.9,-52208.1
"FUNDACAO OSWALDO CRUZ",1670462,131164,131164,0
"DENVER HEALTH AND HOSPITAL AUTHORITY",443161,131153,55753,-75400
"SOUTHERN CALIFORNIA UNIV OF HEALTH SCIS",445165,130973,66774.75,-64198.25
"SITKA TRIBE OF ALASKA",467649,129976,70147.35,-59828.65
"UNIV OF SCIENCES, TECH & TECH OF BAMAKO",2274102,129091,129091,0
"UNIVERSITY OF PIKEVILLE",299956,128441,44993.4,-83447.6
"COLLEGE OF STATEN ISLAND",250000,128123,37500,-90623
"PEKING UNIVERSITY",1612231,127705,127705,0
"ALTIUS INSTITUTE FOR BIOMEDICAL SCIENCES",491148,127699,73672.2,-54026.8
"MISSOURI STATE UNIVERSITY",3e+05,127500,45000,-82500
"MARYLAND TREATMENT CENTERS, INC.",449910,126765,67486.5,-59278.5
"UNIVERSITY OF TULSA",3e+05,126000,45000,-81000
"HOSPITAL FOR SICK CHLDRN (TORONTO)",2602824,125923,125923,0
"NORTHWEST INDIAN COLLEGE",1437129,125522,107318,-18204
"GHESKIO CENTER",2299723,125480,125480,0
"IBM THOMAS J. WATSON RESEARCH CENTER",267082,125430,40062.3,-85367.7
"WESTERN NEW ENGLAND UNIVERSITY",299558,124185,44933.7,-79251.3
"IT'IS FOUNDATION",1768147,122515,122515,0
"UNIVERSITY OF CALGARY",3634825,122111,122111,0
"UNIVERSITY OF WEST FLORIDA",3e+05,121500,45000,-76500
"SHARP MEMORIAL HOSPITAL",223484,121352,33522.6,-87829.4
"TEXAS A&M TRANSPORTATION INSTITUTE",422417,121260,63362.55,-57897.45
"UNIVERSITY OF THE INCARNATE WORD",4e+05,121014,60000,-61014
"GRAMERCY RESEARCH GROUP, LLC",266285,118763,39942.75,-78820.25
"CENTRE FOR ADDICTION AND MENTAL HEALTH",1518330,117412,117412,0
"DELTA HEALTH ALLIANCE, INC.",258356,116260,38753.4,-77506.6
"QUEEN'S UNIVERSITY AT KINGSTON",3617874,116145,116145,0
"COMMONSPIRIT HEALTH RESEARCH INSTITUTE",859171,115568,115568,0
"AGENEBIO, INC.",1148617,114862,114862,0
"LEWIS AND CLARK COLLEGE",3e+05,114000,45000,-69000
"FENWAY COMMUNITY HEALTH CENTER",330829,113046,49624.35,-63421.65
"UTAH NAVAJO HEALTH SYSTEM, INC.",568194,112896,85229.1,-27666.9
"PALO ALTO UNIVERSITY",391560,112076,58734,-53342
"GREAT LAKES INTER-TRIBAL COUNCIL, INC.",1003766,111777,107693.75,-4083.25
"UNIVERSITY OF CAMBRIDGE",1738916,111549,111549,0
"BLACK HILLS CTR/AMERICAN INDIAN HEALTH",934810,111232,111232,0
"SALUS UNIVERSITY",263966,110866,39594.9,-71271.1
"INTERNATIONAL BROTHERHOOD OF TEAMSTERS",3014465,110713,110713,0
"UNIVERSITY OF SYDNEY",1533842,110023,110023,0
"SOUTHERN ILLINOIS UNIV AT EDWARDSVILLE",472275,109136,45614,-63522
"AMERICAN ASSN ON HEALTH AND DISABILITY",723310,108496,108496,0
"ASOCIACION CIVIL IMPACTA SALUD Y EDUCACN",2094253,107924,107924,0
"SCRIPPS COLLEGE",3e+05,107608,45000,-62608
"KEENE STATE COLLEGE",250000,107285,37500,-69785
"VASSAR COLLEGE",435610,107146,55849,-51297
"JOHN JAY COLLEGE OF CRIMINAL JUSTICE",175000,106862,26250,-80612
"SEATTLE PACIFIC UNIVERSITY",298512,106212,44776.8,-61435.2
"WEST CHESTER UNIVERSITY OF PENNSYLVANIA",269935,105275,40490.25,-64784.75
"INTER AMERICAN UNIVERSITY/PUERTO RICO",3e+05,105015,45000,-60015
"INTER TRIBAL COUNCIL OF ARIZONA, INC.",2184527,104920,104920,0
"AMERICAN UNIVERSITY OF BEIRUT",1005058,104529,104529,0
"AURUM INSTITUTE NPC",1304366,104349,104349,0
"BARNARD COLLEGE",611652,103962,81023.7,-22938.3
"GEORGIA SOUTHERN UNIVERSITY",250000,103359,37500,-65859
"GILLETTE CHILDREN'S SPECIALTY HEALTHCARE",346018,102378,51902.7,-50475.3
"UNIVERSITY OF WISCONSIN LA CROSSE",299761,101919,44964.15,-56954.85
"BRYN MAWR COLLEGE",243172,101417,36475.8,-64941.2
"DAVIDSON COLLEGE",299532,101258,44929.8,-56328.2
"SPELMAN COLLEGE",561934,100627,70728.4,-29898.6
"UNIVERSITY OF RICHMOND",316682,99483,47502.3,-51980.7
"UNIVERSITY OF ALABAMA IN HUNTSVILLE",391438,98558,58715.7,-39842.3
"SAM HOUSTON STATE UNIVERSITY",601445,98014,70514,-27500
"ALBUQUERQUE AREA INDIAN HEALTH BOARD",774244,97630,74901.5,-22728.5
"KAROLINSKA INSTITUTE",1861672,97579,97579,0
"GREENWOOD GENETIC CENTER",459606,97322,68940.9,-28381.1
"UNIVERSITY OF TENNESSEE CHATTANOOGA",299934,96816,44990.1,-51825.9
"UNIVERSITY OF NORTH FLORIDA",225000,96811,33750,-63061
"TOURO UNIVERSITY OF CALIFORNIA",211200,96518,31680,-64838
"US HELPING US, PEOPLE INTO LIVING, INC.",505786,95408,75867.9,-19540.1
"ARIZONA VETERANS RESEARCH AND EDUCATION FOUNDATION",622138,95363,93320.7,-2042.3
"ENVIVO BIO INC ",474460,95224,71169,-24055
"UNIVERSITY OF NEBRASKA KEARNEY",3e+05,94857,45000,-49857
"MERRIMACK COLLEGE",468586,94794,70287.9,-24506.1
"VIROGENICS, INC.",1499967,94682,94682,0
"THE EMMES COMPANY, LLC",220000,94470,33000,-61470
"ELECTRONIC BIOSCIENCES, INC.",125000,94055,18750,-75305
"CHILDREN'S HOSPITALS AND CLINICS",457872,93955,68680.8,-25274.2
"DINE' COLLEGE",1408360,93617,93617,0
"GUTTMACHER INSTITUTE",498091,93143,74713.65,-18429.35
"UNIVERSITY OF VICTORIA",2106586,92662,92662,0
"NEW ENGLAND COLLEGE OF OPTOMETRY",287573,91535,43135.95,-48399.05
"ABVACC, INC.",1177173,91517,91517,0
"UNIVERSITY OF AUCKLAND",1190408,91299,91299,0
"SOUTHERN CALIFORNIA INST FOR RES/EDUC",271719,90753,40757.85,-49995.15
"ONTARIO INSTITUTE FOR CANCER RESEARCH",2132146,90440,90440,0
"ROGOSIN INSTITUTE",1352057,90188,90188,0
"UNIVERSITY OF ABUJA",1867710,89360,89360,0
"UNIVERSITY OF WISCONSIN EAU CLAIRE",403324,88599,46253.3,-42345.7
"GRAND VALLEY STATE UNIVERSITY",298814,88449,44822.1,-43626.9
"OLIGOMERIX, INC",248695,88162,37304.25,-50857.75
"CENTREXION THERAPEUTICS CORPORATION",3451641,87866,87866,0
"ST. VINCENT HOSPITAL",2241812,87641,87641,0
"FLANDERS INTERUNIV INST BIOTECHNOLOGY",1093049,87444,87444,0
"CLAREMONT GRADUATE UNIVERSITY",274809,86332,41221.35,-45110.65
"ARCADIA UNIVERSITY",3e+05,85936,45000,-40936
"TRINITY COLLEGE",299955,85236,44993.25,-40242.75
"GREATER LOS ANGELES VETERANS RESEARCH AND EDUCATION FOUNDATION",228750,84866,34312.5,-50553.5
"MCGILL UNIVERSITY",1548232,83915,83915,0
"CHIANG MAI UNIVERSITY",1873136,83838,83838,0
"BLACK HILLS STATE UNIVERSITY",299974,83117,44996.1,-38120.9
"IMPERIAL COLLEGE OF SCIENCE, TECHNOLOGY AND MEDICINE",1259275,82225,82225,0
"SOUTHEAST CLINICAL ONCOL RES CONSORTIUM",2912614,81036,81036,0
"AMERICAN INDIAN SCIENCE/ENGNRNG SOCIETY",419674,80326,62951.1,-17374.9
"SILENT SPRING INSTITUTE",461096,79593,58243.9,-21349.1
"VETERANS EDUCATION AND RESEARCH ASSOCIATION OF MICHIGAN",481340,79006,72201,-6805
"MUHIMBILI UNIVERSITY/ ALLIED HLTH SCIS",1004155,78775,78775,0
"SOUTHERN ILLINOIS UNIVERSITY CARBONDALE",170616,78384,25592.4,-52791.6
"LOYOLA UNIVERSITY OF CHICAGO",170922,77769,25638.3,-52130.7
"HAMPTON UNIVERSITY",255950,77575,29992.5,-47582.5
"OMEROS CORPORATION",768411,76841,76841,0
"AGA KHAN UNIVERSITY (PAKISTAN)",1324020,75887,75887,0
"CENTRE DE RECHERCHE DE L'HOPITAL DOUGLAS",999001,75488,75488,0
"RHAEOS, INC.",188691,75476,28303.65,-47172.35
"EASTERN WASHINGTON UNIVERSITY",399964,75101,59994.6,-15106.4
"NATIONAL PARTNERSHIP/ENVIRONMNTL/TECH/ED",2194352,74964,74964,0
"SAINT LUKE'S HOSPITAL",564993,74930,74930,0
"UNIVERSITY OF GHANA",1522073,74455,74455,0
"UNIVERSITY OF QUEENSLAND",978734,71312,71312,0
"CHILDREN'S CANCER THERAPY DEVELOP/INST",217313,71279,32596.95,-38682.05
"KENYATTA  NATIONAL  HOSPITAL",1480269,70860,70860,0
"SWISS INSTITUTE OF BIOINFORMATICS",2697202,70548,70548,0
"UNIVERSITY OF BOTSWANA",1578001,70207,70207,0
"DESMOND TUTU HIV FOUNDATION",1416268,70204,70204,0
"VETERANS HEALTH FOUNDATION",682416,69804,52929,-16875
"MISSOURI BREAKS RESEARCH, INC.",576304,69554,33565.2,-35988.8
"LEBRUN LABS, LLC",125000,69438,18750,-50688
"MY BROTHER'S KEEPER, INC.",305741,69259,45861.15,-23397.85
"INSTITUT PASTEUR",1334794,69187,69187,0
"BUTLER UNIVERSITY",210000,68722,31500,-37222
"VALPARAISO UNIVERSITY",250000,68554,37500,-31054
"PRAIRIE VIEW AGRI & MECH UNIVERSITY",485793,68142,35957,-32185
"KENT COUNTY MEMORIAL HOSPITAL",582866,67743,67743,0
"CENTRE FOR INFECTIOUS DISEASE RESEARCH",1383518,67649,67649,0
"INTERNATIONAL AIDS VACCINE INITIATIVE",381930,66838,57289.5,-9548.5
"SISTEMA UNIVERSITARIO ANA G. MENDEZ, INCORPORADO",3e+05,66692,45000,-21692
"MIGRANT CLINICIANS NETWORK, INC.",308388,66612,46258.2,-20353.8
"BATES COLLEGE",182167,66591,27325.05,-39265.95
"INTERNATIONAL UNION, UAW OF AMER AFL-CIO",1363999,66510,66510,0
"ST. LOUIS COLLEGE OF PHARMACY",120000,66132,18000,-48132
"LIUNA TRAINING AND EDUCATION FUND",826596,66128,66128,0
"FLORIDA ASSN OF PEDIATRIC TUMOR PROG",733297,65695,65695,0
"CARDIFF UNIVERSITY",1157935,64895,64895,0
"WESTERN KENTUCKY UNIVERSITY",163732,64842,24559.8,-40282.2
"VERILY LIFE SCIENCES LLC",4707435,63985,63985,0
"PHOENIX CHILDREN'S HOSPITAL",776332,62960,58397.15,-4562.85
"GENERAL NUTRACEUTICAL TECHNOLOGY, LLC",165280,62927,24792,-38135
"MARIAN UNIVERSITY",236539,62814,35480.85,-27333.15
"UNIVERSITY OF GLASGOW",877791,62728,62728,0
"ALABAMA STATE UNIVERSITY",476852,62702,44548,-18154
"ACCESS HEALTH INC",312371,62629,46855.65,-15773.35
"COLLEGE OF THE HOLY CROSS",299099,62340,44864.85,-17475.15
"LONDON SCH/HYGIENE & TROPICAL MEDICINE",1796189,62255,62255,0
"PORTLAND VA RESEARCH FOUNDATION, INC.",250000,62000,37500,-24500
"VATHES INC.",618931,61894,61894,0
"FRANCISCAN HOSPITAL FOR CHILDREN, INC.",125000,61875,18750,-43125
"BOTSWANA-HARVARD AIDS INSTITUTE",859817,61242,61242,0
"SHIP OF THESEUS, LLC",152500,61000,22875,-38125
"VIRGINIA STATE UNIVERSITY",171939,60956,25790.85,-35165.15
"ALLEGHENY-SINGER RESEARCH INSTITUTE",134794,60816,20219.1,-40596.9
"CONNECTICUT AGRICULTURAL EXPERIMENT STA",364096,60055,46628,-13427
"FORT LEWIS COLLEGE",2e+05,60000,30000,-30000
"GLAXOSMITHKLINE BIOLOGICALS",749139,59931,59931,0
"YESHIVA UNIVERSITY",239028,59405,25686,-33719
"FAIRLEIGH DICKINSON UNIVERSITY",528751,58330,58330,0
"SINAI HEALTH SYSTEM",871122,58047,58047,0
"ADERA",2285511,58018,58018,0
"TRINITY COLLEGE DUBLIN",726895,57682,57682,0
"LUMBEE LAND DEVELOPMENT, INC.",550496,57599,57599,0
"UNIVERSITY OF PUERTO RICO RIO PIEDRAS",1309403,57472,57472,0
"DOMINICAN UNIVERSITY",250000,57161,37500,-19661
"INSTITUTE OF HUMAN VIROLOGY",1828555,56856,56856,0
"ASHLAND UNIVERSITY",250000,56457,37500,-18957
"EASTERN SHOSHONE TRIBE",363030,55893,54454.5,-1438.5
"DENISON UNIVERSITY",299261,55839,44889.15,-10949.85
"INFECTIOUS DISEASES INSTITUTE",880183,55373,55373,0
"EASTERN ILLINOIS UNIVERSITY",3e+05,55211,45000,-10211
"KAMUZU UNIVERSITY OF HEALTH SCIENCES",854410,54776,54776,0
"WINTHROP UNIVERSITY",137782,54674,20667.3,-34006.7
"GERONTOLOGICAL SOCIETY OF AMERICA",735233,54573,54573,0
"UNIVERSITY OF NAIROBI",839866,54389,54389,0
"NEUROSANT THERAPEUTICS LLC",135040,54016,20256,-33760
"ALBANY RESEARCH INSTITUTE, INC.",150000,54000,22500,-31500
"ADAMAS NANOTECHNOLOGIES, INC.",280000,53773,42000,-11773
"UNIVERSITY OF BUEA",1440047,53099,53099,0
"KENYA MEDICAL RESEARCH INSTITUTE (KEMRI)",875067,53092,53092,0
"UNIVERSITY OF KWAZULU-NATAL",708723,53053,53053,0
"ELSOHLY LABORATORIES, INC.",146259,52653,21938.85,-30714.15
"WALTER AND ELIZA HALL INST MEDICAL RES",1131316,51628,51628,0
"INSTITUT PASTEUR DU CAMBODGE",1081439,51372,51372,0
"KING'S COLLEGE LONDON",768718,51097,51097,0
"POPULATION REFERENCE BUREAU",151202,50702,20230.45,-30471.55
"INSILICOM, LLC",93156,50006,13973.4,-36032.6
"HEALTH CHOICE NETWORK, INC.",325943,48960,48891.45,-68.5500000000029
"IBIS REPRODUCTIVE HEALTH",487931,48687,47187,-1500
"SONOMA STATE UNIVERSITY",1e+05,47900,15000,-32900
"HUMBOLDT STATE UNIVERSITY",1e+05,47500,15000,-32500
"MOLECULAR MEDICINE RESEARCH INSTITUTE",50000,47500,7500,-40000
"UNIVERSITY OF SOUTH CAROLINA",125000,47500,18750,-28750
"UNIVERSITY OF SOUTH CAROLINA AT AIKEN",125000,47499,18750,-28749
"CHEROKEE NATION",1438258,47424,47424,0
"UNIVERSITY OF SAO PAULO",623012,46998,46998,0
"UNIVERSITY OF WESTERN ONTARIO",886714,46491,46491,0
"INTERVEXION THERAPEUTICS, LLC",4268819,46170,46170,0
"CENTRE DE GENETIQUE HUMAINE",582760,46147,46147,0
"VETERANS EDUCATION/RES/ASSN/NORTH/NE",519825,46101,46101,0
"INFECTIOUS DISEASES RES COLLABORATION",801716,45370,45370,0
"LEWIS-CLARK STATE COLLEGE",125000,43750,18750,-25000
"ST. MARY'S UNIVERSITY",125000,43750,18750,-25000
"BERKELEY MADONNA, INC.",171919,43687,25787.85,-17899.15
"NORTH JERSEY AIDS ALLIANCE ,INC. (NJCRI)",242229,43131,36334.35,-6796.65
"MCMASTER UNIVERSITY",672070,42883,42883,0
"CHICAGO ASSN FOR RESEARCH & EDUC IN SCI",149380,42499,22407,-20092
"NATIONAL UNIVERSITY OF NATURAL MEDICINE",563293,42347,42347,0
"PALMER COLLEGE OF CHIROPRACTIC",438278,42099,42099,0
"UNIVERSITY OF THE WEST INDIES",1431742,42014,42014,0
"KWAME NKRUMAH UNIVERSITY/SCIENCE/TECH",823335,41767,41767,0
"RADIOLOGICS, INC.",416493,41649,41649,0
"ALABAMA FIRE COLLEGE",520381,41628,41628,0
"CENTRE HOSPITALIER DE L'UNIVERSITE DE MONTREAL (UNIVERSITY OF MONTREAL HOSPITAL)",893564,41580,41580,0
"PYRAMES, INC.",200921,41392,30138.15,-11253.85
"MAHIDOL UNIVERSITY",759379,41091,41091,0
"VIRGINIA COLLEGE OF OSTEOPATHIC MEDICINE",404663,40153,40153,0
"CAMPESINOS SIN FRONTERAS",334900,40100,40100,0
"LOHOCLA RESEARCH CORPORATION",99990,39996,14998.5,-24997.5
"CONFEDERATED TRIBES AND BANDS OF THE YAKAMA NATION",483027,39897,39897,0
"AMERICAN UNIVERSITY IN CAIRO",494451,39556,39556,0
"PACIFIC UNIVERSITY",495935,39183,31848,-7335
"COLLEGE OF IDAHO, INC.",282108,39069,39069,0
"PARASITE ID, CORP.",229433,38984,34414.95,-4569.05
"EASTERN MICHIGAN UNIVERSITY",111200,38800,16680,-22120
"CHILDREN'S HOSPITAL MED CTR OF AKRON",395329,38774,38774,0
"BABSON COLLEGE",477732,38218,38218,0
"SOCIETY FOR NEUROSCIENCE",477250,38180,38180,0
"ASSOCIATION OF AMERICAN MEDICAL COLLEGES",475810,38065,38065,0
"CALIFORNIA STATE UNIVERSITY HAYWARD",81250,37781,12187.5,-25593.5
"CALIFORNIA STATE UNIV,  MONTEREY BAY",536104,37352,37352,0
"BENEDICT COLLEGE",1e+05,37333,15000,-22333
"KILIMANJARO CHRISTIAN MEDICAL CENTRE",696142,37090,37090,0
"NORTHERN VERMONT UNIVERSITY-JOHNSON",1e+05,37016,15000,-22016
"DEEP SOUTH CENTER FOR ENVIRONMENTAL JUSTICE, INC.",931967,36844,36844,0
"LUNDS UNIVERSITET",456925,36554,36554,0
"DIGITAL ORGANIZING POWER-BUILDING AND ENGAGEMENT LABS",517588,36447,36447,0
"SAINT REGIS MOHAWK TRIBE",501690,36371,36371,0
"AYUVIS RESEARCH, INC.",243420,36368,36368,0
"MURDOCH CHILDREN'S RESEARCH INSTITUTE",570841,36144,36144,0
"MU-JHU CARE",977380,36037,36037,0
"SOCIETY FOR THE ADV CHICANOS/NATIVE AMER",448321,35866,35866,0
"SUSTAINABLE WORKPLACE ALLIANCE, INC.",444919,35594,35594,0
"COLLEGE OF HEALTH SCIS UNIV OF ZIMBABWE",449468,34852,34852,0
"KWAZULU-NATAL RESEARCH INSTITUTE TB-HIV",633468,34211,34211,0
"NORTH CENTRAL COLLEGE",125000,34201,18750,-15451
"UNIVERSITY OF BRISTOL",460434,34198,34198,0
"GRUPO NEXOS INC.",340909,34091,34091,0
"SOUTHEAST ARIZONA AREA HEALTH EDUCATION CENTER",340909,34091,34091,0
"WINSTON-SALEM STATE UNIVERSITY",1e+05,33864,15000,-18864
"UNIVERSITY OF LEEDS",403211,33843,33843,0
"VETERANS HEALTH RESEARCH INSTITUTE OF CENTRAL NEW YORK, INC.",170907,33798,25636.05,-8161.95
"SCIENCE COMMUNICATION LAB, INC.",449927,33305,33305,0
"UGANDA VIRUS RESEARCH INSTITUTE",744536,33304,33304,0
"GODX, INC.",118782,32892,17817.3,-15074.7
"UNIVERSITY OF MONTREAL",490220,32640,32640,0
"NARROWS INSTITUTE FOR BIOMEDICAL RES INC",501390,32558,32558,0
"NORTHERN MICHIGAN UNIVERSITY",638753,32356,32356,0
"MULTNOMAH COUNTY HEALTH DEPARTMENT",378520,31995,31995,0
"ALBANY STATE UNIVERSITY",1e+05,31616,15000,-16616
"GRONINGEN UNIVERSITY",394977,31598,31598,0
"JUNIATA COLLEGE",104059,31511,15608.85,-15902.15
"FUNDACAO FACULDADE DE MEDICINA",384283,30743,30743,0
"DIAN FOSSEY GORILLA FUND I",756541,30718,30718,0
"VETERINARMEDIZINISCHE UNIVERSITAT WIEN",445237,30575,30575,0
"FEONIX - MOBILITY RISING",344459,30541,30541,0
"HANOI MEDICAL UNIVERSITY",565738,30405,30405,0
"FACE ADDICTION NOW",344615,30385,30385,0
"PREVENTION STRATEGIES, LLC",539670,30301,30301,0
"UNIVERSITY OF NEWCASTLE",413871,30074,30074,0
"URBAN HEALTH PARTNERSHIPS",344969,30031,30031,0
"NOTRE DAME OF MARYLAND UNIVERSITY",421530,30030,30030,0
"ST. CATHERINE UNIVERSITY",375000,30000,30000,0
"RESEARCH FOR DEVELOPMENT",445900,29830,29830,0
"HOUSING AUTHORITY OF THE CITY OF LOS ANGELES",345209,29767,29767,0
"SHIFA TAMEER-E-MILLAT UNIVERSITY",430153,29155,29155,0
"AMERICAN SOCIETY FOR CELL BIOLOGY",437732,29096,29096,0
"YUKON-KUSKOKWIM HEALTH CORPORATION",346364,28384,28384,0
"ASIAN COMMUNITY HEALTH COALITION",346810,28189,28189,0
"FEDERATION OF AMER SOC FOR EXPER BIOLOGY",376074,28140,28140,0
"PROVINCIAL HEALTH SERVICES AUTHORITY",766960,27870,27870,0
"UNIVERSITY OF WATERLOO",494658,27805,27805,0
"DENVER RESEARCH INSTITUTE",1e+05,27612,15000,-12612
"UNIVERSITY OF ALBERTA",409575,27581,27581,0
"SUNNYBROOK RESEARCH INSTITUTE",527556,27502,27502,0
"MONTANA CONSORTIUM FOR URBAN INDIAN HEALTH",420474,27407,27407,0
"COLUMBIA INTERNATIONAL UNIVERSITY",3e+05,27263,27263,0
"SETON HALL UNIVERSITY",50000,26624,7500,-19124
"WAIANAE COAST COMPREHENSIVE HEALTH CTR",348522,26478,26478,0
"FOND DU LAC RESERVATION",760004,26242,26242,0
"SMITHSONIAN INSTITUTION",229254,26204,26204,0
"ZVITAMBO INSTITUTE FOR MATERNAL AND CHILD HEALTH RESEARCH",323922,25914,25914,0
"FEDERAL UNIVERSITY OF BAHIA",454610,25786,25786,0
"SIGMOVIR BIOSYSTEMS, INC.",50000,25500,7500,-18000
"MONASH UNIVERSITY",471313,25470,25470,0
"NATIONAL TAIWAN UNIVERSITY",313994,25120,25120,0
"CLEVELAND VA MEDICAL RESEARCH/ED/FDN",75000,25050,11250,-13800
"BASIC HEALTH INTERNATIONAL, INC.",456270,25010,25010,0
"NATIONAL RESEARCH COUNCIL OF ARGENTINA",373288,24944,24944,0
"HAMILTON HEALTH SCIENCES CORPORATION",309888,24791,24791,0
"FACULTAD LATINOAMERICANA DE CIENCIAS SOCIALES",330000,24658,24658,0
"STICHTING RADBOUD UNIVERSITAIR MEDISCH CENTRUM I.O.",1079558,24658,24658,0
"ELLISON INSTITUTE, LLC",309065,24416,24416,0
"UNIVERSITY OF LEICESTER",304000,24320,24320,0
"COLLEGE OF HEALTH SCIENCES, UNIVERSITY OF GHANA",312830,24226,24226,0
"CENTRE/SEXUAL HLTH/HIV AID RES/ZIMBABWE",300925,24074,24074,0
"ASIAN AMERICAN HEALTH COALITION/HOUSTON",343766,24024,24024,0
"TMLIVERPOOL SCHOOL OF TROPICAL MEDICINE",340566,23883,23883,0
"MEDIGEN, INC.",539065,23502,23502,0
"STRATHMORE UNIVERSITY",614421,23454,23454,0
"BLACKFEET COMMUNITY COLLEGE",509680,23327,23327,0
"LOUISIANA TECH UNIVERSITY",272620,23060,23060,0
"CENTRE FOR CHRONIC DISEASE CONTROL",286748,22940,22940,0
"KHON KAEN UNIVERSITY",238643,22853,22853,0
"LIVER INSTITUTE NORTHWEST PLLC",227273,22727,22727,0
"ERASMUS MEDICAL CENTER",450845,22680,22680,0
"UNIVERSITY OF LOUISIANA AT MONROE",50000,22500,7500,-15000
"UNIVERSITY OF BIRMINGHAM",295757,22397,22397,0
"OPEN AID ALLIANCE",352886,22114,22114,0
"UNIVERSITY OF SOUTH AUSTRALIA",273345,21867,21867,0
"UNIVERSITY OF SHEFFIELD",836945,21857,21857,0
"FRANCIS CRICK INSTITUTE, LTD",268075,21446,21446,0
"INTERNATIONAL CTR/DIARRHOEAL DIS RES",267593,21407,21407,0
"QUEENSLAND INSTITUTE OF MEDICAL RESEARCH",491246,21290,21290,0
"MAGIC LIFESCIENCE, INC.",142445,21253,21253,0
"AMERICAN SOCIETY FOR BIOCHEMIS/ MOL BIOL",260000,20800,20800,0
"SALVE REGINA UNIVERSITY",367085,20781,20781,0
"EDUARDO MONDLANE UNIVERSITY",691928,20695,20695,0
"SAINTE-JUSTINE UNIVERSITY HOSPITAL CTR",705761,20481,20481,0
"BIOMEDICAL RESEARCH & TRAINING INSTITUTE",256686,20151,20151,0
"ASIAN HEALTH COALITION OF ILLINOIS",479909,20091,20091,0
"3D MOLECULAR DESIGNS",250000,20000,20000,0
"HOOLA MUSIC AND CULTURAL ARTS",250000,20000,20000,0
"INSERM STRASBOURG",250000,20000,20000,0
"WETA TV 26",250000,20000,20000,0
"HISPANIC ACCESS FOUNDATION",249727,19978,19978,0
"OREGON MUSEUM OF SCIENCES AND INDUSTRY",249001,19920,19920,0
"CULTURA Y ARTE NATIVA DE LAS AMERICAS",355110,19890,19890,0
"OTTAWA HOSPITAL RESEARCH INSTITUTE",247355,19788,19788,0
"AMERICAN SOCIETY FOR MICROBIOLOGY",246013,19681,19681,0
"FORT HAYS STATE UNIVERSITY",1e+05,19603,15000,-4603
"IMMPORT THERAPEUTICS, INC.",250000,19400,19400,0
"UNIVERSITY OF NEW HAVEN",49102,19248,7365.3,-11882.7
"BRONXWORKS, INC.",355916,19084,19084,0
"OUACHITA BAPTIST UNIVERSITY",136180,19064,19064,0
"UNIVERSITE DE STRASBOURG",237000,18960,18960,0
"MONTANA STATE UNIVERSITY -BILLINGS",231219,18498,18498,0
"HEALTH RESOURCES IN ACTION, INC.",230817,18465,18465,0
"MOI UNIVERSITY COLLEGE OF HEALTH SCIENCES",236458,18413,18413,0
"NEW HAMPSHIRE ACADEMY OF SCIENCE, INC.",228200,18256,18256,0
"COLLEGE OF MEDICINE, UNIVERSITY OF IBADAN",242673,18254,18254,0
"INSTITUTE FOR FUTURE INTELLIGENCE, INC.",251580,18111,18111,0
"MONTREAL HEART INSTITUTE",225582,18046,18046,0
"BROCK UNIVERSITY",224207,17937,17937,0
"JOS UNIVERSITY TEACHING HOSPITAL",386056,17912,17912,0
"MOSES-WEITZMAN HEALTH SYSTEM INC",222883,17831,17831,0
"SOCIOS EN SALUD SUCURSAL PERU",222832,17826,17826,0
"BIOTECHNOLOGY RESEARCH INSTITUTE-KALRO",377173,17769,17769,0
"UNIVERSITY OF EXETER",652684,17640,17640,0
"MONGOLIAN NATIONAL UNIV/MEDICAL SCIENCES",271466,17586,17586,0
"NEW YORK HALL OF SCIENCE",218730,17498,17498,0
"INSTITUT NATIONAL / RECHERCHE BIOMEDICAL",233718,17497,17497,0
"UNIVERSITY CITY SCIENCE CENTER",229319,17346,17346,0
"NC STATE DEPT/HLTH & HUMAN SERVICES",357801,17199,17199,0
"HOPA MOUNTAIN",225000,16800,16800,0
"CHRISTIAN MEDICAL COLLEGE",401302,16774,16774,0
"UNIVERSITY OF MANITOBA",486310,16688,16688,0
"AMERICAN ASSOCIATION FOR DENTAL, ORAL, AND CRANIOFACIAL RESEARCH",238464,16507,16507,0
"FORT BELKNAP INDIAN COMMUNITY",617337,16447,16447,0
"CENTER FOR BIOETHICS AND RESEARCH, NIGERIA",383575,16425,16425,0
"NIGERIAN INSTITUTE OF MEDICAL RESEARCH",192772,16371,16371,0
"COLLEGE OF MEDICINE, UNIVERSITY OF LAGOS",203843,16308,16308,0
"AMERICAN ACADEMY-CHILD/ADOLESCENT PSYCH",2e+05,16000,16000,0
"PARTNERSHIP FOR RESEARCH/ACTION/HEALTH",279994,15787,15787,0
"UNIVERSITY OF MALAYA",353279,15779,15779,0
"SCIENCENTER",252242,15577,15577,0
"KATHOLIEKE UNIVERSITEIT LEUVEN",193693,15495,15495,0
"NORTHUMBRIA UNIVERSITY",208168,15477,15477,0
"MALAWI BLOOD TRANSFUSION SERVICE",552312,15365,15365,0
"CENTRE OF EXCELLENCE IN HEALTH MONITORING AND EVALUATION",1230608,15308,15308,0
"SAN FRANCISCO DEPARTMENT OF PUBLIC HEALTH",420623,15240,15240,0
"UNIV/LONDON-QUEEN MARY& WESTFIELD COLL",189477,15158,15158,0
"MOUNT KENYA UNIVERSITY",235775,15027,15027,0
"SURGICAL INFECTION SOCIETY FOUNDATION FOR EDUCATION AND RESEARCH",150000,15000,15000,0
"UNIVERSIDAD NACIONAL, COSTA RICA",535462,14538,14538,0
"ARKANSAS CANCER COALITION",360623,14377,14377,0
"CENTRO INTERNACIONAL  (CIDEIM)",280394,14342,14342,0
"THE FEDERAL UNIVERSITY OF TECHNOLOGY, AKURE, NIGERIA",183171,14015,14015,0
"TRANSTIMULATION RESEARCH, INC.",635605,13968,13968,0
"HEALTH RESEARCH FOUNDATION",214083,13794,13794,0
"MAKERERE UNIVERSITY WALTER REED PROJECT",200001,13709,13709,0
"WEIZMANN INSTITUTE OF SCIENCE",168085,13447,13447,0
"THE ACADEMY OF NATURAL SCIENCES OF PHILADELPHIA",254857,13354,13354,0
"UNIVERSITY OF ZAMBIA",422710,13300,13300,0
"KINTAMPO HEALTH RESEARCH CENTRE",229206,13280,13280,0
"PRINCE OF SONGKLA UNIVERSITY",273637,13232,13232,0
"UNIVERSITY OF PRETORIA",191392,13154,13154,0
"INTERNATIONAL CENTRE OF INSECT PHYSIOLOG",187005,12994,12994,0
"CHN NEBRASKA",128025,12803,12803,0
"YORK UNIVERSITY",195866,12599,12599,0
"ADDIS ABABA UNIVERSITY",370009,12582,12582,0
"IDAHO VETERANS RESEARCH / EDUCATION FDN",50000,12300,7500,-4800
"SRI RAMACHANDRA INSTITUTE OF HIGHER EDUCATION AND RESEARCH TRUST",186865,12269,12269,0
"LAGOS STATE UNIVERSITY TEACHING HOSPITAL",259655,12224,12224,0
"ALZHEIMER'S ASSOCIATION",150000,12000,12000,0
"CELDARA MEDICAL, LLC",150000,12000,12000,0
"THE CHRIST HOSPITAL",149825,11986,11986,0
"TECH MUSEUM OF INNOVATION",245517,11794,11794,0
"COVENANT UNIVERSITY",330437,11647,11647,0
"MCGILL UNIVERSITY HEALTH CTR RES INST",144646,11572,11572,0
"UNIVERSITY OF ALASKA ANCHORAGE",142359,11389,11389,0
"UNIVERSITY OF GHANA MEDICAL CENTRE",142632,11280,11280,0
"JORDAN UNIVERSITY/SCIENCE & TECHNOLOGY",277805,11152,11152,0
"UNIVERSITY OF THE DISTRICT OF COLUMBIA",366400,11144,11144,0
"OBATALA SCIENCES, INC.",139106,11128,11128,0
"GRIFFITH UNIVERSITY",137500,11000,11000,0
"REDEEMER'S UNIVERSITY",1253727,10964,10964,0
"NATIONAL UNIVERSITY OF RWANDA",188746,10900,10900,0
"AMERICAN SOCIETY FOR BONE & MINERAL RES",135000,10800,10800,0
"PRO THERAPEUTICS LLC",106700,10670,10670,0
"NOGUCHI MEMORIAL INSTITUTE / MEDICAL RES",132008,10561,10561,0
"BASIS RESEARCH INSTITUTE",213545,10555,10555,0
"SOUTH CAROLINA STATE UNIVERSITY",136701,10356,10356,0
"FAIRFIELD UNIVERSITY",50000,10316,7500,-2816
"UNIVERSITY OF CAPE COAST",234347,10296,10296,0
"EDUCATION DEVELOPMENT CENTER, INC.",131875,10250,10250,0
"CHULALONGKORN UNIVERSITY",127064,10165,10165,0
"TEL AVIV UNIVERSITY",126331,10106,10106,0
"MEDICAL RESEARCH COUNCIL OF SOUTH AFRICA",125465,10037,10037,0
"GREENSTONE BIOSCIENCES, INC.",1e+05,10000,10000,0
"MYOGENE BIO, LLC",1e+05,10000,10000,0
"CHILD HEALTH RESEARCH FOUNDATION",124958,9997,9997,0
"COASTAL MARINE BIOLABS",124744,9980,9980,0
"RESEARCH FOUNDATION OF THE CITY UNIVERSITY OF NEW YORK",123670,9893,9893,0
"NATIONAL INSTITUTE OF PSYCHIATRY",316888,9778,9778,0
"AFRICA INSTITUTE OF MENTAL AND BRAIN HEALTH",128641,9708,9708,0
"BEATSON INSTITUTE FOR CANCER RESEARCH",120883,9671,9671,0
"THE INSTITUTE OF CANCER RESEARCH: ROYAL CANCER HOSPITAL",119133,9531,9531,0
"PHAGEPRO, INC.",163928,9372,9372,0
"AALTO UNIVERSITY",498450,9193,9193,0
"ENDOCRINE SOCIETY",135000,8890,8890,0
"NATIONAL COUNCIL SCIENTIFIC & TECH RES",124800,8864,8864,0
"INFECTIOUS DISEASE SOCIETY KOTA KINABALU",126246,8717,8717,0
"ACADEMIC PEDIATRIC ASSOCIATION",134730,8702,8702,0
"GENETAG TECHNOLOGY, INC.",86818,8682,8682,0
"INSERM PARIS 5",107145,8572,8572,0
"AHMADU BELLO UNIVERSITY",106800,8544,8544,0
"CHINA MEDICAL UNIVERSITY",126600,8400,8400,0
"INTERNATIONAL CENTRE/GENETC ENGR/BIOTECH",104333,8347,8347,0
"AMERICAN SOCIETY OF NEPHROLOGY, INC.",103250,8260,8260,0
"MEDICAL RESEARCH COUNCIL UNIT THE GAMBIA AT THE LONDON SCHOOL OF HYGIENE & TROPICAL MEDICINE",102955,8236,8236,0
"YEMAACHI BIOTECH",226667,8234,8234,0
"FOUNDATION FOR RESEARCH DEVELOPMENT",136613,8063,8063,0
"CENTRE FOR RESEARCH IN INFECTIOUS DISEASES - CRID",126947,8053,8053,0
"UNIVERSITY OF BASEL",100143,8011,8011,0
"KENYATTA UNIVERSITY",148336,8000,8000,0
"INSTITUTO DE EFECTIVIDAD CLINICA Y SANIT",99721,7978,7978,0
"CASTNER INCORPORATED",197611,7894,7894,0
"SOCIETY FOR DEVELOPMENTAL BIOLOGY",137700,7816,7816,0
"AMERICAN PSYCHOLOGICAL ASSOCIATION",134897,7810,7810,0
"UNIVERSITY OF THE ANDES",229985,7719,7719,0
"AFRICA UNIVERSITY",94650,7492,7492,0
"UNIVERSITY OF MEDICAL SCIENCES, ONDO",92886,7431,7431,0
"INSTITUT PASTEUR DE TUNIS",137093,7367,7367,0
"LEIDEN UNIVERSITY MEDICAL CENTER",642737,7273,7273,0
"SALISH KOOTENAI COLLEGE",89942,7195,7195,0
"OSIVAX SAS",519262,7045,7045,0
"BOROMARAJONANI COLLEGE OF NURSING KHON KAEN",90000,6932,6932,0
"IFAKARA HEALTH INSTITUTE",86229,6898,6898,0
"PONTIFICIA UNIVERSIDAD CATOLICA DEL ECUADOR",128465,6797,6797,0
"FUNDACAO MANHICA",128985,6716,6716,0
"INDIAN INSTITUTE OF SCIENCE",113701,6661,6661,0
"INSTITUTE/RESEARCH/BIOTECHNOLOGY FDN",124270,6610,6610,0
"KYEVO-MOGYLYANSKA AKADEMIYA, NATSIONALNY UNIVERSYTET",82500,6600,6600,0
"HEBREW UNIVERSITY OF JERUSALEM",547240,6391,6391,0
"BARAU DIKKO TEACHING HOSPITAL/ KADUNA STATE UNIVERSITY",78750,6300,6300,0
"NETHERLANDS CANCER INSTITUTE",314746,6257,6257,0
"UNIVERSIDAD DE SAN MARTIN DE PORRES",103476,6038,6038,0
"CYANVAC, LLC",195900,6000,6000,0
"SHEPHERD CENTER",156071,5929,5929,0
"LAKE FOREST COLLEGE",125000,5776,5776,0
"AMERICAN ASSOCIATION FOR CANCER RESEARCH",68225,5458,5458,0
"UNIVERSITY OF NOTTINGHAM",64751,5180,5180,0
"UBATEC S.A.",123102,5156,5156,0
"GLAX, LLC",50000,5000,5000,0
"METROPOLITAN STATE UNIVERSITY OF DENVER",339224,4831,4831,0
"ILIAD BIOTECHNOLOGIES, LLC",313048,4456,4456,0
"PONTIFICIA UNIVERSIDAD JAVERIANA",50000,4000,4000,0
"NEW SCHOOL UNIVERSITY",49538,3963,3963,0
"AUTONOMOUS UNIVERSITY OF YUCATAN",47641,3811,3811,0
"MAGNUS MEDICAL INC",461713,2741,2741,0
"JOINT CLINICAL RESEARCH CENTER",28000,2240,2240,0
"UNIVERSITY OF ANTIOQUIA",25000,1500,1500,0
"CAROLINAS MEDICAL CENTER",0,1,0,-1
